station_label,sv_label,epoch_utc,range_l1_m,range_l2_m,elevation_deg
RX-1,SV-K,2026-05-14T02:00:00Z,20688221.802,20688225.216,65.362
RX-1,SV-K,2026-05-14T02:01:00Z,20695001.024,20695004.370,65.176
RX-1,SV-K,2026-05-14T02:02:00Z,20701830.545,20701833.630,64.989
RX-1,SV-K,2026-05-14T02:03:00Z,20708710.696,20708714.010,64.802
RX-1,SV-K,2026-05-14T02:04:00Z,20715641.684,20715644.701,64.616
RX-1,SV-K,2026-05-14T02:05:00Z,20722623.057,20722626.239,64.429
RX-1,SV-K,2026-05-14T02:06:00Z,20729655.081,20729657.851,64.243
RX-1,SV-K,2026-05-14T02:07:00Z,20736737.467,20736740.533,64.056
RX-1,SV-K,2026-05-14T02:08:00Z,20743870.660,20743873.423,63.870
RX-1,SV-K,2026-05-14T02:09:00Z,20751054.158,20751057.159,63.683
RX-1,SV-K,2026-05-14T02:10:00Z,20758288.330,20758291.346,63.497
RX-1,SV-K,2026-05-14T02:11:00Z,20765572.650,20765576.128,63.310
RX-1,SV-K,2026-05-14T02:12:00Z,20772907.941,20772911.081,63.123
RX-1,SV-K,2026-05-14T02:13:00Z,20780293.250,20780296.545,62.937
RX-1,SV-K,2026-05-14T02:14:00Z,20787729.223,20787732.402,62.750
RX-1,SV-K,2026-05-14T02:15:00Z,20795215.755,20795218.838,62.564
RX-1,SV-K,2026-05-14T02:16:00Z,20802752.641,20802755.653,62.377
RX-1,SV-K,2026-05-14T02:17:00Z,20810339.569,20810343.058,62.191
RX-1,SV-K,2026-05-14T02:18:00Z,20817976.962,20817980.396,62.004
RX-1,SV-K,2026-05-14T02:19:00Z,20825665.158,20825668.737,61.818
RX-1,SV-K,2026-05-14T02:20:00Z,20833403.177,20833406.628,61.631
RX-1,SV-K,2026-05-14T02:21:00Z,20841192.090,20841195.192,61.444
RX-1,SV-K,2026-05-14T02:22:00Z,20849030.995,20849034.150,61.258
RX-1,SV-K,2026-05-14T02:23:00Z,20856920.196,20856923.489,61.071
RX-1,SV-K,2026-05-14T02:24:00Z,20864859.713,20864862.857,60.885
RX-1,SV-K,2026-05-14T02:25:00Z,20872849.318,20872852.783,60.698
RX-1,SV-K,2026-05-14T02:26:00Z,20880889.497,20880892.551,60.512
RX-1,SV-K,2026-05-14T02:27:00Z,20888979.460,20888982.915,60.325
RX-1,SV-K,2026-05-14T02:28:00Z,20897119.917,20897123.325,60.139
RX-1,SV-K,2026-05-14T02:29:00Z,20905310.619,20905313.763,59.952
RX-1,SV-K,2026-05-14T02:30:00Z,20913551.314,20913554.529,59.765
RX-1,SV-K,2026-05-14T02:31:00Z,20921842.093,20921845.507,59.579
RX-1,SV-K,2026-05-14T02:32:00Z,20930182.989,20930186.095,59.392
RX-1,SV-K,2026-05-14T02:33:00Z,20938574.125,20938577.329,59.206
RX-1,SV-K,2026-05-14T02:34:00Z,20947014.869,20947018.521,59.019
RX-1,SV-K,2026-05-14T02:35:00Z,20955506.239,20955509.438,58.833
RX-1,SV-K,2026-05-14T02:36:00Z,20964047.565,20964050.974,58.646
RX-1,SV-K,2026-05-14T02:37:00Z,20972638.565,20972642.392,58.460
RX-1,SV-K,2026-05-14T02:38:00Z,20981279.993,20981283.235,58.273
RX-1,SV-K,2026-05-14T02:39:00Z,20989970.915,20989974.360,58.086
RX-1,SV-K,2026-05-14T02:40:00Z,20998712.053,20998715.708,57.900
RX-1,SV-K,2026-05-14T02:41:00Z,21007503.005,21007506.585,57.713
RX-1,SV-K,2026-05-14T02:42:00Z,21016344.179,21016347.500,57.527
RX-1,SV-K,2026-05-14T02:43:00Z,21025234.718,21025238.293,57.340
RX-1,SV-K,2026-05-14T02:44:00Z,21034175.500,21034179.090,57.154
RX-1,SV-K,2026-05-14T02:45:00Z,21043165.851,21043169.359,56.967
RX-1,SV-K,2026-05-14T02:46:00Z,21052206.086,21052209.741,56.781
RX-1,SV-K,2026-05-14T02:47:00Z,21061296.049,21061299.549,56.594
RX-1,SV-K,2026-05-14T02:48:00Z,21070435.971,21070439.414,56.407
RX-1,SV-K,2026-05-14T02:49:00Z,21079625.593,21079629.011,56.221
RX-1,SV-K,2026-05-14T02:50:00Z,21088864.668,21088868.223,56.034
RX-1,SV-K,2026-05-14T02:51:00Z,21098153.523,21098156.939,55.848
RX-1,SV-K,2026-05-14T02:52:00Z,21107492.012,21107495.776,55.661
RX-1,SV-K,2026-05-14T02:53:00Z,21116880.204,21116883.677,55.475
RX-1,SV-K,2026-05-14T02:54:00Z,21126317.937,21126321.492,55.288
RX-1,SV-K,2026-05-14T02:55:00Z,21135805.224,21135808.900,55.102
RX-1,SV-K,2026-05-14T02:56:00Z,21145341.911,21145345.600,54.915
RX-1,SV-K,2026-05-14T02:57:00Z,21154928.679,21154931.978,54.728
RX-1,SV-K,2026-05-14T02:58:00Z,21164564.374,21164568.103,54.542
RX-1,SV-K,2026-05-14T02:59:00Z,21174249.679,21174253.209,54.355
RX-1,SV-K,2026-05-14T03:00:00Z,21183984.562,21183987.978,54.169
RX-1,SV-K,2026-05-14T03:01:00Z,21193768.345,21193772.187,53.982
RX-1,SV-K,2026-05-14T03:02:00Z,21203602.205,21203605.674,53.796
RX-1,SV-K,2026-05-14T03:03:00Z,21213484.799,21213488.555,53.609
RX-1,SV-K,2026-05-14T03:04:00Z,21223416.811,21223420.631,53.422
RX-1,SV-K,2026-05-14T03:05:00Z,21233398.391,21233402.184,53.236
RX-1,SV-K,2026-05-14T03:06:00Z,21243428.919,21243432.897,53.049
RX-1,SV-K,2026-05-14T03:07:00Z,21253508.872,21253513.034,52.863
RX-1,SV-K,2026-05-14T03:08:00Z,21263637.962,21263641.734,52.676
RX-1,SV-K,2026-05-14T03:09:00Z,21273816.361,21273819.936,52.490
RX-1,SV-K,2026-05-14T03:10:00Z,21284043.667,21284047.383,52.303
RX-1,SV-K,2026-05-14T03:11:00Z,21294320.059,21294323.904,52.117
RX-1,SV-K,2026-05-14T03:12:00Z,21304645.822,21304649.239,51.930
RX-1,SV-K,2026-05-14T03:13:00Z,21315020.264,21315023.768,51.743
RX-1,SV-K,2026-05-14T03:14:00Z,21325443.693,21325447.431,51.557
RX-1,SV-K,2026-05-14T03:15:00Z,21335916.255,21335920.012,51.370
RX-1,SV-K,2026-05-14T03:16:00Z,21346437.534,21346441.165,51.184
RX-1,SV-K,2026-05-14T03:17:00Z,21357007.878,21357011.580,50.997
RX-1,SV-K,2026-05-14T03:18:00Z,21367627.142,21367630.893,50.811
RX-1,SV-K,2026-05-14T03:19:00Z,21378294.860,21378298.841,50.624
RX-1,SV-K,2026-05-14T03:20:00Z,21389011.387,21389015.526,50.438
RX-1,SV-K,2026-05-14T03:21:00Z,21399777.243,21399781.418,50.251
RX-1,SV-K,2026-05-14T03:22:00Z,21410591.488,21410595.303,50.064
RX-1,SV-K,2026-05-14T03:23:00Z,21421454.071,21421458.264,49.878
RX-1,SV-K,2026-05-14T03:24:00Z,21432365.835,21432369.569,49.691
RX-1,SV-K,2026-05-14T03:25:00Z,21443325.930,21443329.927,49.505
RX-1,SV-K,2026-05-14T03:26:00Z,21454334.809,21454338.528,49.318
RX-1,SV-K,2026-05-14T03:27:00Z,21465391.783,21465395.784,49.132
RX-1,SV-K,2026-05-14T03:28:00Z,21476497.657,21476501.624,48.945
RX-1,SV-K,2026-05-14T03:29:00Z,21487651.871,21487655.676,48.759
RX-1,SV-K,2026-05-14T03:30:00Z,21498854.337,21498858.252,48.572
RX-1,SV-K,2026-05-14T03:31:00Z,21510105.259,21510109.041,48.385
RX-1,SV-K,2026-05-14T03:32:00Z,21521404.409,21521408.497,48.199
RX-1,SV-K,2026-05-14T03:33:00Z,21532751.969,21532755.648,48.012
RX-1,SV-K,2026-05-14T03:34:00Z,21544147.733,21544151.649,47.826
RX-1,SV-K,2026-05-14T03:35:00Z,21555591.561,21555595.500,47.639
RX-1,SV-K,2026-05-14T03:36:00Z,21567083.949,21567087.796,47.453
RX-1,SV-K,2026-05-14T03:37:00Z,21578624.065,21578628.138,47.266
RX-1,SV-K,2026-05-14T03:38:00Z,21590212.381,21590216.482,47.080
RX-1,SV-K,2026-05-14T03:39:00Z,21601848.710,21601852.652,46.893
RX-1,SV-K,2026-05-14T03:40:00Z,21613533.073,21613537.306,46.706
RX-1,SV-K,2026-05-14T03:41:00Z,21625265.418,21625269.327,46.520
RX-1,SV-K,2026-05-14T03:42:00Z,21637045.596,21637049.542,46.333
RX-1,SV-K,2026-05-14T03:43:00Z,21648873.456,21648877.483,46.147
RX-1,SV-K,2026-05-14T03:44:00Z,21660749.501,21660753.572,45.960
RX-1,SV-K,2026-05-14T03:45:00Z,21672672.834,21672677.020,45.774
RX-1,SV-K,2026-05-14T03:46:00Z,21684644.444,21684648.335,45.587
RX-1,SV-K,2026-05-14T03:47:00Z,21696663.447,21696667.468,45.401
RX-1,SV-K,2026-05-14T03:48:00Z,21708729.662,21708734.185,45.214
RX-1,SV-K,2026-05-14T03:49:00Z,21720844.009,21720848.141,45.027
RX-1,SV-K,2026-05-14T03:50:00Z,21733005.725,21733009.910,44.841
RX-1,SV-K,2026-05-14T03:51:00Z,21745215.197,21745219.262,44.654
RX-1,SV-K,2026-05-14T03:52:00Z,21757471.647,21757475.812,44.468
RX-1,SV-K,2026-05-14T03:53:00Z,21769775.425,21769779.844,44.281
RX-1,SV-K,2026-05-14T03:54:00Z,21782126.727,21782131.068,44.095
RX-1,SV-K,2026-05-14T03:55:00Z,21794525.572,21794529.868,43.908
RX-1,SV-K,2026-05-14T03:56:00Z,21806971.114,21806975.491,43.722
RX-1,SV-K,2026-05-14T03:57:00Z,21819464.178,21819468.574,43.535
RX-1,SV-K,2026-05-14T03:58:00Z,21832004.384,21832008.646,43.348
RX-1,SV-K,2026-05-14T03:59:00Z,21844591.347,21844596.009,43.162
RX-1,SV-K,2026-05-14T04:00:00Z,21857225.599,21857230.130,42.975
RX-1,SV-P,2026-05-14T02:00:00Z,20432245.908,20432248.736,73.905
RX-1,SV-P,2026-05-14T02:01:00Z,20436850.093,20436852.980,73.712
RX-1,SV-P,2026-05-14T02:02:00Z,20441508.612,20441511.683,73.519
RX-1,SV-P,2026-05-14T02:03:00Z,20446222.062,20446225.046,73.326
RX-1,SV-P,2026-05-14T02:04:00Z,20450990.464,20450993.107,73.133
RX-1,SV-P,2026-05-14T02:05:00Z,20455813.143,20455816.075,72.940
RX-1,SV-P,2026-05-14T02:06:00Z,20460690.677,20460693.558,72.746
RX-1,SV-P,2026-05-14T02:07:00Z,20465622.830,20465625.632,72.553
RX-1,SV-P,2026-05-14T02:08:00Z,20470609.259,20470612.414,72.360
RX-1,SV-P,2026-05-14T02:09:00Z,20475650.720,20475653.621,72.167
RX-1,SV-P,2026-05-14T02:10:00Z,20480746.755,20480749.889,71.974
RX-1,SV-P,2026-05-14T02:11:00Z,20485897.443,20485900.465,71.781
RX-1,SV-P,2026-05-14T02:12:00Z,20491102.821,20491105.570,71.588
RX-1,SV-P,2026-05-14T02:13:00Z,20496362.393,20496365.717,71.395
RX-1,SV-P,2026-05-14T02:14:00Z,20501677.301,20501679.979,71.202
RX-1,SV-P,2026-05-14T02:15:00Z,20507046.237,20507048.839,71.009
RX-1,SV-P,2026-05-14T02:16:00Z,20512469.815,20512472.770,70.816
RX-1,SV-P,2026-05-14T02:17:00Z,20517947.954,20517950.846,70.623
RX-1,SV-P,2026-05-14T02:18:00Z,20523480.442,20523483.651,70.430
RX-1,SV-P,2026-05-14T02:19:00Z,20529067.902,20529070.810,70.237
RX-1,SV-P,2026-05-14T02:20:00Z,20534709.759,20534712.674,70.044
RX-1,SV-P,2026-05-14T02:21:00Z,20540406.036,20540409.075,69.851
RX-1,SV-P,2026-05-14T02:22:00Z,20546156.897,20546159.976,69.658
RX-1,SV-P,2026-05-14T02:23:00Z,20551962.164,20551965.179,69.465
RX-1,SV-P,2026-05-14T02:24:00Z,20557822.145,20557825.046,69.272
RX-1,SV-P,2026-05-14T02:25:00Z,20563736.346,20563739.301,69.079
RX-1,SV-P,2026-05-14T02:26:00Z,20569705.004,20569708.185,68.886
RX-1,SV-P,2026-05-14T02:27:00Z,20575728.353,20575731.391,68.693
RX-1,SV-P,2026-05-14T02:28:00Z,20581806.030,20581809.243,68.500
RX-1,SV-P,2026-05-14T02:29:00Z,20587938.422,20587941.202,68.307
RX-1,SV-P,2026-05-14T02:30:00Z,20594124.893,20594127.812,68.114
RX-1,SV-P,2026-05-14T02:31:00Z,20600365.718,20600368.594,67.921
RX-1,SV-P,2026-05-14T02:32:00Z,20606660.926,20606664.052,67.728
RX-1,SV-P,2026-05-14T02:33:00Z,20613010.883,20613013.649,67.535
RX-1,SV-P,2026-05-14T02:34:00Z,20619414.835,20619417.915,67.342
RX-1,SV-P,2026-05-14T02:35:00Z,20625873.512,20625876.367,67.149
RX-1,SV-P,2026-05-14T02:36:00Z,20632386.478,20632389.264,66.956
RX-1,SV-P,2026-05-14T02:37:00Z,20638953.299,20638956.451,66.763
RX-1,SV-P,2026-05-14T02:38:00Z,20645574.926,20645578.132,66.570
RX-1,SV-P,2026-05-14T02:39:00Z,20652250.739,20652253.822,66.376
RX-1,SV-P,2026-05-14T02:40:00Z,20658980.842,20658983.591,66.183
RX-1,SV-P,2026-05-14T02:41:00Z,20665765.120,20665768.208,65.990
RX-1,SV-P,2026-05-14T02:42:00Z,20672603.731,20672606.633,65.797
RX-1,SV-P,2026-05-14T02:43:00Z,20679496.342,20679499.667,65.604
RX-1,SV-P,2026-05-14T02:44:00Z,20686443.623,20686446.786,65.411
RX-1,SV-P,2026-05-14T02:45:00Z,20693445.057,20693448.087,65.218
RX-1,SV-P,2026-05-14T02:46:00Z,20700500.277,20700503.645,65.025
RX-1,SV-P,2026-05-14T02:47:00Z,20707610.117,20707613.232,64.832
RX-1,SV-P,2026-05-14T02:48:00Z,20714774.054,20714777.343,64.639
RX-1,SV-P,2026-05-14T02:49:00Z,20721991.931,20721995.101,64.446
RX-1,SV-P,2026-05-14T02:50:00Z,20729264.251,20729267.473,64.253
RX-1,SV-P,2026-05-14T02:51:00Z,20736590.328,20736593.639,64.060
RX-1,SV-P,2026-05-14T02:52:00Z,20743971.049,20743973.843,63.867
RX-1,SV-P,2026-05-14T02:53:00Z,20751405.372,20751408.559,63.674
RX-1,SV-P,2026-05-14T02:54:00Z,20758894.025,20758897.220,63.481
RX-1,SV-P,2026-05-14T02:55:00Z,20766436.525,20766439.706,63.288
RX-1,SV-P,2026-05-14T02:56:00Z,20774033.460,20774036.480,63.095
RX-1,SV-P,2026-05-14T02:57:00Z,20781684.023,20781687.373,62.902
RX-1,SV-P,2026-05-14T02:58:00Z,20789388.649,20789392.010,62.709
RX-1,SV-P,2026-05-14T02:59:00Z,20797147.478,20797150.538,62.516
RX-1,SV-P,2026-05-14T03:00:00Z,20804960.203,20804963.211,62.323
RX-1,SV-P,2026-05-14T03:01:00Z,20812826.880,20812829.699,62.130
RX-1,SV-P,2026-05-14T03:02:00Z,20820746.979,20820750.600,61.937
RX-1,SV-P,2026-05-14T03:03:00Z,20828721.592,20828724.729,61.744
RX-1,SV-P,2026-05-14T03:04:00Z,20836749.983,20836753.391,61.551
RX-1,SV-P,2026-05-14T03:05:00Z,20844832.163,20844835.360,61.358
RX-1,SV-P,2026-05-14T03:06:00Z,20852968.256,20852971.504,61.165
RX-1,SV-P,2026-05-14T03:07:00Z,20861158.058,20861161.167,60.972
RX-1,SV-P,2026-05-14T03:08:00Z,20869401.676,20869404.815,60.779
RX-1,SV-P,2026-05-14T03:09:00Z,20877699.260,20877702.455,60.586
RX-1,SV-P,2026-05-14T03:10:00Z,20886050.762,20886053.678,60.393
RX-1,SV-P,2026-05-14T03:11:00Z,20894455.658,20894458.821,60.199
RX-1,SV-P,2026-05-14T03:12:00Z,20902914.443,20902917.718,60.006
RX-1,SV-P,2026-05-14T03:13:00Z,20911426.609,20911429.819,59.813
RX-1,SV-P,2026-05-14T03:14:00Z,20919992.821,20919995.885,59.620
RX-1,SV-P,2026-05-14T03:15:00Z,20928612.687,20928615.887,59.427
RX-1,SV-P,2026-05-14T03:16:00Z,20937285.831,20937289.177,59.234
RX-1,SV-P,2026-05-14T03:17:00Z,20946012.773,20946016.064,59.041
RX-1,SV-P,2026-05-14T03:18:00Z,20954793.501,20954796.915,58.848
RX-1,SV-P,2026-05-14T03:19:00Z,20963627.555,20963630.895,58.655
RX-1,SV-P,2026-05-14T03:20:00Z,20972515.362,20972518.982,58.462
RX-1,SV-P,2026-05-14T03:21:00Z,20981456.623,20981460.000,58.269
RX-1,SV-P,2026-05-14T03:22:00Z,20990451.222,20990454.382,58.076
RX-1,SV-P,2026-05-14T03:23:00Z,20999499.277,20999502.795,57.883
RX-1,SV-P,2026-05-14T03:24:00Z,21008601.021,21008604.270,57.690
RX-1,SV-P,2026-05-14T03:25:00Z,21017756.147,21017759.362,57.497
RX-1,SV-P,2026-05-14T03:26:00Z,21026964.264,21026967.588,57.304
RX-1,SV-P,2026-05-14T03:27:00Z,21036226.198,21036229.661,57.111
RX-1,SV-P,2026-05-14T03:28:00Z,21045541.316,21045544.839,56.918
RX-1,SV-P,2026-05-14T03:29:00Z,21054910.020,21054913.310,56.725
RX-1,SV-P,2026-05-14T03:30:00Z,21064331.515,21064334.817,56.532
RX-1,SV-P,2026-05-14T03:31:00Z,21073806.437,21073810.043,56.339
RX-1,SV-P,2026-05-14T03:32:00Z,21083334.524,21083338.166,56.146
RX-1,SV-P,2026-05-14T03:33:00Z,21092916.007,21092919.446,55.953
RX-1,SV-P,2026-05-14T03:34:00Z,21102550.753,21102554.126,55.760
RX-1,SV-P,2026-05-14T03:35:00Z,21112238.587,21112241.611,55.567
RX-1,SV-P,2026-05-14T03:36:00Z,21121978.975,21121982.394,55.374
RX-1,SV-P,2026-05-14T03:37:00Z,21131772.899,21131776.420,55.181
RX-1,SV-P,2026-05-14T03:38:00Z,21141619.827,21141623.351,54.988
RX-1,SV-P,2026-05-14T03:39:00Z,21151520.011,21151523.191,54.795
RX-1,SV-P,2026-05-14T03:40:00Z,21161472.769,21161476.281,54.602
RX-1,SV-P,2026-05-14T03:41:00Z,21171478.478,21171482.146,54.409
RX-1,SV-P,2026-05-14T03:42:00Z,21181537.489,21181541.031,54.216
RX-1,SV-P,2026-05-14T03:43:00Z,21191649.163,21191652.829,54.022
RX-1,SV-P,2026-05-14T03:44:00Z,21201813.491,21201817.323,53.829
RX-1,SV-P,2026-05-14T03:45:00Z,21212031.052,21212034.760,53.636
RX-1,SV-P,2026-05-14T03:46:00Z,21222301.157,21222305.061,53.443
RX-1,SV-P,2026-05-14T03:47:00Z,21232624.377,21232628.154,53.250
RX-1,SV-P,2026-05-14T03:48:00Z,21242999.917,21243003.762,53.057
RX-1,SV-P,2026-05-14T03:49:00Z,21253428.473,21253431.865,52.864
RX-1,SV-P,2026-05-14T03:50:00Z,21263909.642,21263913.144,52.671
RX-1,SV-P,2026-05-14T03:51:00Z,21274443.104,21274446.761,52.478
RX-1,SV-P,2026-05-14T03:52:00Z,21285029.283,21285033.047,52.285
RX-1,SV-P,2026-05-14T03:53:00Z,21295668.148,21295671.940,52.092
RX-1,SV-P,2026-05-14T03:54:00Z,21306359.686,21306363.273,51.899
RX-1,SV-P,2026-05-14T03:55:00Z,21317103.251,21317107.220,51.706
RX-1,SV-P,2026-05-14T03:56:00Z,21327899.797,21327903.418,51.513
RX-1,SV-P,2026-05-14T03:57:00Z,21338748.399,21338752.264,51.320
RX-1,SV-P,2026-05-14T03:58:00Z,21349649.302,21349653.233,51.127
RX-1,SV-P,2026-05-14T03:59:00Z,21360602.799,21360606.614,50.934
RX-1,SV-P,2026-05-14T04:00:00Z,21371608.391,21371612.229,50.741
RX-1,SV-R,2026-05-14T02:00:00Z,21588001.773,21588002.135,47.115
RX-1,SV-R,2026-05-14T02:01:00Z,21574837.413,21574838.036,47.327
RX-1,SV-R,2026-05-14T02:02:00Z,21561735.516,21561735.749,47.539
RX-1,SV-R,2026-05-14T02:03:00Z,21548695.487,21548696.032,47.752
RX-1,SV-R,2026-05-14T02:04:00Z,21535717.959,21535718.573,47.964
RX-1,SV-R,2026-05-14T02:05:00Z,21522802.581,21522803.223,48.176
RX-1,SV-R,2026-05-14T02:06:00Z,21509949.966,21509950.423,48.388
RX-1,SV-R,2026-05-14T02:07:00Z,21497159.624,21497160.317,48.600
RX-1,SV-R,2026-05-14T02:08:00Z,21484432.099,21484432.422,48.812
RX-1,SV-R,2026-05-14T02:09:00Z,21471766.879,21471767.499,49.024
RX-1,SV-R,2026-05-14T02:10:00Z,21459164.335,21459164.919,49.237
RX-1,SV-R,2026-05-14T02:11:00Z,21446624.986,21446625.575,49.449
RX-1,SV-R,2026-05-14T02:12:00Z,21434148.019,21434148.663,49.661
RX-1,SV-R,2026-05-14T02:13:00Z,21421733.994,21421734.397,49.873
RX-1,SV-R,2026-05-14T02:14:00Z,21409382.875,21409383.545,50.085
RX-1,SV-R,2026-05-14T02:15:00Z,21397094.634,21397095.389,50.297
RX-1,SV-R,2026-05-14T02:16:00Z,21384869.104,21384869.907,50.510
RX-1,SV-R,2026-05-14T02:17:00Z,21372707.429,21372708.098,50.722
RX-1,SV-R,2026-05-14T02:18:00Z,21360608.441,21360609.241,50.934
RX-1,SV-R,2026-05-14T02:19:00Z,21348572.706,21348573.065,51.146
RX-1,SV-R,2026-05-14T02:20:00Z,21336599.867,21336600.471,51.358
RX-1,SV-R,2026-05-14T02:21:00Z,21324690.875,21324691.383,51.570
RX-1,SV-R,2026-05-14T02:22:00Z,21312844.631,21312845.166,51.782
RX-1,SV-R,2026-05-14T02:23:00Z,21301062.060,21301062.461,51.995
RX-1,SV-R,2026-05-14T02:24:00Z,21289342.752,21289343.235,52.207
RX-1,SV-R,2026-05-14T02:25:00Z,21277687.140,21277687.463,52.419
RX-1,SV-R,2026-05-14T02:26:00Z,21266094.613,21266095.295,52.631
RX-1,SV-R,2026-05-14T02:27:00Z,21254565.898,21254566.641,52.843
RX-1,SV-R,2026-05-14T02:28:00Z,21243100.990,21243101.478,53.055
RX-1,SV-R,2026-05-14T02:29:00Z,21231699.671,21231700.105,53.268
RX-1,SV-R,2026-05-14T02:30:00Z,21220361.484,21220362.362,53.480
RX-1,SV-R,2026-05-14T02:31:00Z,21209087.863,21209088.255,53.692
RX-1,SV-R,2026-05-14T02:32:00Z,21197877.845,21197878.170,53.904
RX-1,SV-R,2026-05-14T02:33:00Z,21186731.113,21186731.882,54.116
RX-1,SV-R,2026-05-14T02:34:00Z,21175648.883,21175649.208,54.328
RX-1,SV-R,2026-05-14T02:35:00Z,21164630.234,21164630.620,54.541
RX-1,SV-R,2026-05-14T02:36:00Z,21153675.637,21153676.133,54.753
RX-1,SV-R,2026-05-14T02:37:00Z,21142785.040,21142785.397,54.965
RX-1,SV-R,2026-05-14T02:38:00Z,21131958.540,21131958.937,55.177
RX-1,SV-R,2026-05-14T02:39:00Z,21121195.786,21121196.344,55.389
RX-1,SV-R,2026-05-14T02:40:00Z,21110497.519,21110497.826,55.601
RX-1,SV-R,2026-05-14T02:41:00Z,21099863.454,21099864.012,55.813
RX-1,SV-R,2026-05-14T02:42:00Z,21089293.513,21089293.936,56.026
RX-1,SV-R,2026-05-14T02:43:00Z,21078787.687,21078787.987,56.238
RX-1,SV-R,2026-05-14T02:44:00Z,21068346.374,21068346.486,56.450
RX-1,SV-R,2026-05-14T02:45:00Z,21057969.008,21057969.479,56.662
RX-1,SV-R,2026-05-14T02:46:00Z,21047656.078,21047656.693,56.874
RX-1,SV-R,2026-05-14T02:47:00Z,21037407.667,21037408.089,57.086
RX-1,SV-R,2026-05-14T02:48:00Z,21027223.825,21027224.144,57.299
RX-1,SV-R,2026-05-14T02:49:00Z,21017104.063,21017104.597,57.511
RX-1,SV-R,2026-05-14T02:50:00Z,21007049.223,21007049.622,57.723
RX-1,SV-R,2026-05-14T02:51:00Z,20997058.816,20997058.900,57.935
RX-1,SV-R,2026-05-14T02:52:00Z,20987132.640,20987133.175,58.147
RX-1,SV-R,2026-05-14T02:53:00Z,20977271.650,20977271.775,58.359
RX-1,SV-R,2026-05-14T02:54:00Z,20967474.567,20967475.101,58.572
RX-1,SV-R,2026-05-14T02:55:00Z,20957742.654,20957742.997,58.784
RX-1,SV-R,2026-05-14T02:56:00Z,20948075.336,20948075.439,58.996
RX-1,SV-R,2026-05-14T02:57:00Z,20938472.654,20938473.203,59.208
RX-1,SV-R,2026-05-14T02:58:00Z,20928934.784,20928935.222,59.420
RX-1,SV-R,2026-05-14T02:59:00Z,20919461.701,20919461.965,59.632
RX-1,SV-R,2026-05-14T03:00:00Z,20910053.454,20910053.865,59.844
RX-1,SV-R,2026-05-14T03:01:00Z,20900709.793,20900710.571,60.057
RX-1,SV-R,2026-05-14T03:02:00Z,20891431.406,20891431.903,60.269
RX-1,SV-R,2026-05-14T03:03:00Z,20882217.929,20882217.949,60.481
RX-1,SV-R,2026-05-14T03:04:00Z,20873069.072,20873069.343,60.693
RX-1,SV-R,2026-05-14T03:05:00Z,20863985.193,20863985.754,60.905
RX-1,SV-R,2026-05-14T03:06:00Z,20854966.732,20854966.894,61.117
RX-1,SV-R,2026-05-14T03:07:00Z,20846012.981,20846013.333,61.330
RX-1,SV-R,2026-05-14T03:08:00Z,20837123.927,20837124.489,61.542
RX-1,SV-R,2026-05-14T03:09:00Z,20828300.639,20828300.845,61.754
RX-1,SV-R,2026-05-14T03:10:00Z,20819542.149,20819542.675,61.966
RX-1,SV-R,2026-05-14T03:11:00Z,20810848.726,20810849.072,62.178
RX-1,SV-R,2026-05-14T03:12:00Z,20802220.521,20802220.746,62.390
RX-1,SV-R,2026-05-14T03:13:00Z,20793657.452,20793657.807,62.602
RX-1,SV-R,2026-05-14T03:14:00Z,20785159.485,20785160.081,62.815
RX-1,SV-R,2026-05-14T03:15:00Z,20776727.004,20776727.321,63.027
RX-1,SV-R,2026-05-14T03:16:00Z,20768359.760,20768360.146,63.239
RX-1,SV-R,2026-05-14T03:17:00Z,20760057.249,20760058.039,63.451
RX-1,SV-R,2026-05-14T03:18:00Z,20751820.714,20751821.111,63.663
RX-1,SV-R,2026-05-14T03:19:00Z,20743649.334,20743649.819,63.875
RX-1,SV-R,2026-05-14T03:20:00Z,20735543.384,20735543.463,64.088
RX-1,SV-R,2026-05-14T03:21:00Z,20727502.215,20727502.423,64.300
RX-1,SV-R,2026-05-14T03:22:00Z,20719526.980,20719527.171,64.512
RX-1,SV-R,2026-05-14T03:23:00Z,20711617.012,20711617.440,64.724
RX-1,SV-R,2026-05-14T03:24:00Z,20703772.340,20703772.581,64.936
RX-1,SV-R,2026-05-14T03:25:00Z,20695993.086,20695993.706,65.148
RX-1,SV-R,2026-05-14T03:26:00Z,20688279.508,20688279.896,65.361
RX-1,SV-R,2026-05-14T03:27:00Z,20680631.189,20680632.018,65.573
RX-1,SV-R,2026-05-14T03:28:00Z,20673048.816,20673049.182,65.785
RX-1,SV-R,2026-05-14T03:29:00Z,20665531.986,20665532.036,65.997
RX-1,SV-R,2026-05-14T03:30:00Z,20658080.081,20658080.494,66.209
RX-1,SV-R,2026-05-14T03:31:00Z,20650694.237,20650694.569,66.421
RX-1,SV-R,2026-05-14T03:32:00Z,20643373.823,20643373.954,66.633
RX-1,SV-R,2026-05-14T03:33:00Z,20636118.976,20636119.563,66.846
RX-1,SV-R,2026-05-14T03:34:00Z,20628929.830,20628930.064,67.058
RX-1,SV-R,2026-05-14T03:35:00Z,20621806.360,20621806.522,67.270
RX-1,SV-R,2026-05-14T03:36:00Z,20614748.275,20614748.843,67.482
RX-1,SV-R,2026-05-14T03:37:00Z,20607756.477,20607756.770,67.694
RX-1,SV-R,2026-05-14T03:38:00Z,20600829.970,20600830.239,67.906
RX-1,SV-R,2026-05-14T03:39:00Z,20593969.091,20593969.223,68.119
RX-1,SV-R,2026-05-14T03:40:00Z,20587173.801,20587174.407,68.331
RX-1,SV-R,2026-05-14T03:41:00Z,20580444.619,20580445.002,68.543
RX-1,SV-R,2026-05-14T03:42:00Z,20573781.164,20573781.416,68.755
RX-1,SV-R,2026-05-14T03:43:00Z,20567183.492,20567183.800,68.967
RX-1,SV-R,2026-05-14T03:44:00Z,20560651.358,20560651.855,69.179
RX-1,SV-R,2026-05-14T03:45:00Z,20554185.238,20554185.468,69.392
RX-1,SV-R,2026-05-14T03:46:00Z,20547784.851,20547785.150,69.604
RX-1,SV-R,2026-05-14T03:47:00Z,20541450.150,20541450.686,69.816
RX-1,SV-R,2026-05-14T03:48:00Z,20535181.639,20535181.863,70.028
RX-1,SV-R,2026-05-14T03:49:00Z,20528978.899,20528979.043,70.240
RX-1,SV-R,2026-05-14T03:50:00Z,20522841.708,20522842.178,70.452
RX-1,SV-R,2026-05-14T03:51:00Z,20516770.585,20516770.989,70.664
RX-1,SV-R,2026-05-14T03:52:00Z,20510765.612,20510765.885,70.877
RX-1,SV-R,2026-05-14T03:53:00Z,20504826.415,20504826.780,71.089
RX-1,SV-R,2026-05-14T03:54:00Z,20498953.015,20498953.357,71.301
RX-1,SV-R,2026-05-14T03:55:00Z,20493145.853,20493145.906,71.513
RX-1,SV-R,2026-05-14T03:56:00Z,20487404.345,20487404.329,71.725
RX-1,SV-R,2026-05-14T03:57:00Z,20481728.926,20481729.234,71.937
RX-1,SV-R,2026-05-14T03:58:00Z,20476119.559,20476119.996,72.150
RX-1,SV-R,2026-05-14T03:59:00Z,20470576.002,20470576.118,72.362
RX-1,SV-R,2026-05-14T04:00:00Z,20465098.370,20465098.882,72.574
RX-1,SV-W,2026-05-14T02:00:00Z,21440939.769,21440942.328,49.545
RX-1,SV-W,2026-05-14T02:01:00Z,21429436.314,21429439.008,49.741
RX-1,SV-W,2026-05-14T02:02:00Z,21417986.689,21417989.240,49.937
RX-1,SV-W,2026-05-14T02:03:00Z,21406590.776,21406592.944,50.133
RX-1,SV-W,2026-05-14T02:04:00Z,21395248.427,21395250.884,50.329
RX-1,SV-W,2026-05-14T02:05:00Z,21383959.737,21383962.358,50.525
RX-1,SV-W,2026-05-14T02:06:00Z,21372725.043,21372727.750,50.721
RX-1,SV-W,2026-05-14T02:07:00Z,21361544.311,21361547.017,50.917
RX-1,SV-W,2026-05-14T02:08:00Z,21350417.728,21350420.118,51.113
RX-1,SV-W,2026-05-14T02:09:00Z,21339344.834,21339347.197,51.309
RX-1,SV-W,2026-05-14T02:10:00Z,21328325.861,21328328.677,51.506
RX-1,SV-W,2026-05-14T02:11:00Z,21317361.073,21317363.395,51.702
RX-1,SV-W,2026-05-14T02:12:00Z,21306450.261,21306452.736,51.898
RX-1,SV-W,2026-05-14T02:13:00Z,21295593.780,21295595.993,52.094
RX-1,SV-W,2026-05-14T02:14:00Z,21284791.173,21284793.220,52.290
RX-1,SV-W,2026-05-14T02:15:00Z,21274042.769,21274045.082,52.486
RX-1,SV-W,2026-05-14T02:16:00Z,21263348.615,21263350.984,52.682
RX-1,SV-W,2026-05-14T02:17:00Z,21252709.024,21252710.928,52.878
RX-1,SV-W,2026-05-14T02:18:00Z,21242123.313,21242125.890,53.074
RX-1,SV-W,2026-05-14T02:19:00Z,21231592.113,21231594.301,53.270
RX-1,SV-W,2026-05-14T02:20:00Z,21221115.464,21221117.514,53.466
RX-1,SV-W,2026-05-14T02:21:00Z,21210693.134,21210695.361,53.662
RX-1,SV-W,2026-05-14T02:22:00Z,21200324.927,21200326.906,53.858
RX-1,SV-W,2026-05-14T02:23:00Z,21190011.516,21190013.657,54.054
RX-1,SV-W,2026-05-14T02:24:00Z,21179752.605,21179754.836,54.250
RX-1,SV-W,2026-05-14T02:25:00Z,21169548.106,21169550.431,54.446
RX-1,SV-W,2026-05-14T02:26:00Z,21159398.253,21159400.615,54.642
RX-1,SV-W,2026-05-14T02:27:00Z,21149303.314,21149305.399,54.838
RX-1,SV-W,2026-05-14T02:28:00Z,21139262.629,21139264.823,55.034
RX-1,SV-W,2026-05-14T02:29:00Z,21129276.924,21129278.879,55.230
RX-1,SV-W,2026-05-14T02:30:00Z,21119345.624,21119347.528,55.426
RX-1,SV-W,2026-05-14T02:31:00Z,21109469.198,21109471.396,55.622
RX-1,SV-W,2026-05-14T02:32:00Z,21099647.489,21099649.619,55.818
RX-1,SV-W,2026-05-14T02:33:00Z,21089880.784,21089882.690,56.014
RX-1,SV-W,2026-05-14T02:34:00Z,21080168.864,21080170.736,56.210
RX-1,SV-W,2026-05-14T02:35:00Z,21070511.542,21070513.774,56.406
RX-1,SV-W,2026-05-14T02:36:00Z,21060909.390,21060911.410,56.602
RX-1,SV-W,2026-05-14T02:37:00Z,21051361.959,21051363.988,56.798
RX-1,SV-W,2026-05-14T02:38:00Z,21041869.652,21041871.684,56.994
RX-1,SV-W,2026-05-14T02:39:00Z,21032432.026,21032434.144,57.190
RX-1,SV-W,2026-05-14T02:40:00Z,21023049.944,21023051.797,57.386
RX-1,SV-W,2026-05-14T02:41:00Z,21013722.427,21013724.319,57.582
RX-1,SV-W,2026-05-14T02:42:00Z,21004450.132,21004452.138,57.778
RX-1,SV-W,2026-05-14T02:43:00Z,20995233.092,20995235.037,57.974
RX-1,SV-W,2026-05-14T02:44:00Z,20986070.847,20986072.952,58.170
RX-1,SV-W,2026-05-14T02:45:00Z,20976963.906,20976965.969,58.366
RX-1,SV-W,2026-05-14T02:46:00Z,20967912.336,20967914.372,58.562
RX-1,SV-W,2026-05-14T02:47:00Z,20958915.556,20958917.806,58.758
RX-1,SV-W,2026-05-14T02:48:00Z,20949974.339,20949976.354,58.954
RX-1,SV-W,2026-05-14T02:49:00Z,20941088.278,20941090.269,59.150
RX-1,SV-W,2026-05-14T02:50:00Z,20932257.512,20932259.281,59.346
RX-1,SV-W,2026-05-14T02:51:00Z,20923481.838,20923483.825,59.542
RX-1,SV-W,2026-05-14T02:52:00Z,20914761.763,20914763.645,59.738
RX-1,SV-W,2026-05-14T02:53:00Z,20906096.856,20906098.579,59.934
RX-1,SV-W,2026-05-14T02:54:00Z,20897487.384,20897489.180,60.130
RX-1,SV-W,2026-05-14T02:55:00Z,20888933.419,20888934.884,60.326
RX-1,SV-W,2026-05-14T02:56:00Z,20880434.342,20880436.511,60.522
RX-1,SV-W,2026-05-14T02:57:00Z,20871991.147,20871993.209,60.718
RX-1,SV-W,2026-05-14T02:58:00Z,20863603.652,20863605.341,60.914
RX-1,SV-W,2026-05-14T02:59:00Z,20855271.345,20855273.107,61.110
RX-1,SV-W,2026-05-14T03:00:00Z,20846994.310,20846996.307,61.306
RX-1,SV-W,2026-05-14T03:01:00Z,20838773.163,20838774.966,61.502
RX-1,SV-W,2026-05-14T03:02:00Z,20830607.152,20830609.445,61.698
RX-1,SV-W,2026-05-14T03:03:00Z,20822497.253,20822498.995,61.894
RX-1,SV-W,2026-05-14T03:04:00Z,20814442.558,20814444.452,62.090
RX-1,SV-W,2026-05-14T03:05:00Z,20806443.478,20806445.359,62.286
RX-1,SV-W,2026-05-14T03:06:00Z,20798500.167,20798502.062,62.482
RX-1,SV-W,2026-05-14T03:07:00Z,20790612.577,20790614.531,62.678
RX-1,SV-W,2026-05-14T03:08:00Z,20782780.344,20782782.310,62.874
RX-1,SV-W,2026-05-14T03:09:00Z,20775004.105,20775005.861,63.070
RX-1,SV-W,2026-05-14T03:10:00Z,20767283.397,20767285.190,63.266
RX-1,SV-W,2026-05-14T03:11:00Z,20759618.345,20759620.170,63.462
RX-1,SV-W,2026-05-14T03:12:00Z,20752009.362,20752010.920,63.658
RX-1,SV-W,2026-05-14T03:13:00Z,20744455.900,20744457.496,63.854
RX-1,SV-W,2026-05-14T03:14:00Z,20736957.990,20736959.816,64.050
RX-1,SV-W,2026-05-14T03:15:00Z,20729516.222,20729518.014,64.247
RX-1,SV-W,2026-05-14T03:16:00Z,20722130.106,20722132.069,64.443
RX-1,SV-W,2026-05-14T03:17:00Z,20714799.854,20714801.604,64.639
RX-1,SV-W,2026-05-14T03:18:00Z,20707525.542,20707527.282,64.835
RX-1,SV-W,2026-05-14T03:19:00Z,20700306.881,20700308.887,65.031
RX-1,SV-W,2026-05-14T03:20:00Z,20693144.191,20693146.032,65.227
RX-1,SV-W,2026-05-14T03:21:00Z,20686037.674,20686039.336,65.423
RX-1,SV-W,2026-05-14T03:22:00Z,20678986.906,20678988.360,65.619
RX-1,SV-W,2026-05-14T03:23:00Z,20671991.781,20671993.520,65.815
RX-1,SV-W,2026-05-14T03:24:00Z,20665052.750,20665054.440,66.011
RX-1,SV-W,2026-05-14T03:25:00Z,20658169.884,20658171.483,66.207
RX-1,SV-W,2026-05-14T03:26:00Z,20651342.748,20651344.434,66.403
RX-1,SV-W,2026-05-14T03:27:00Z,20644571.596,20644573.133,66.599
RX-1,SV-W,2026-05-14T03:28:00Z,20637856.629,20637858.378,66.795
RX-1,SV-W,2026-05-14T03:29:00Z,20631197.406,20631199.292,66.991
RX-1,SV-W,2026-05-14T03:30:00Z,20624594.650,20624596.322,67.187
RX-1,SV-W,2026-05-14T03:31:00Z,20618047.556,20618049.242,67.383
RX-1,SV-W,2026-05-14T03:32:00Z,20611556.476,20611558.164,67.579
RX-1,SV-W,2026-05-14T03:33:00Z,20605121.838,20605123.360,67.775
RX-1,SV-W,2026-05-14T03:34:00Z,20598742.969,20598744.547,67.971
RX-1,SV-W,2026-05-14T03:35:00Z,20592420.384,20592421.856,68.167
RX-1,SV-W,2026-05-14T03:36:00Z,20586153.692,20586155.429,68.363
RX-1,SV-W,2026-05-14T03:37:00Z,20579943.378,20579944.860,68.559
RX-1,SV-W,2026-05-14T03:38:00Z,20573788.952,20573790.807,68.755
RX-1,SV-W,2026-05-14T03:39:00Z,20567690.874,20567692.226,68.951
RX-1,SV-W,2026-05-14T03:40:00Z,20561648.763,20561650.152,69.147
RX-1,SV-W,2026-05-14T03:41:00Z,20555662.910,20555664.591,69.343
RX-1,SV-W,2026-05-14T03:42:00Z,20549733.097,20549734.788,69.539
RX-1,SV-W,2026-05-14T03:43:00Z,20543860.020,20543861.405,69.735
RX-1,SV-W,2026-05-14T03:44:00Z,20538042.457,20538043.911,69.931
RX-1,SV-W,2026-05-14T03:45:00Z,20532281.426,20532283.228,70.127
RX-1,SV-W,2026-05-14T03:46:00Z,20526576.720,20526578.033,70.323
RX-1,SV-W,2026-05-14T03:47:00Z,20520927.967,20520929.446,70.519
RX-1,SV-W,2026-05-14T03:48:00Z,20515335.608,20515337.371,70.715
RX-1,SV-W,2026-05-14T03:49:00Z,20509799.696,20509801.175,70.911
RX-1,SV-W,2026-05-14T03:50:00Z,20504319.638,20504321.141,71.107
RX-1,SV-W,2026-05-14T03:51:00Z,20498896.251,20498897.747,71.303
RX-1,SV-W,2026-05-14T03:52:00Z,20493529.205,20493530.648,71.499
RX-1,SV-W,2026-05-14T03:53:00Z,20488218.070,20488219.648,71.695
RX-1,SV-W,2026-05-14T03:54:00Z,20482963.502,20482964.920,71.891
RX-1,SV-W,2026-05-14T03:55:00Z,20477765.354,20477766.681,72.087
RX-1,SV-W,2026-05-14T03:56:00Z,20472623.232,20472624.749,72.283
RX-1,SV-W,2026-05-14T03:57:00Z,20467537.452,20467539.031,72.479
RX-1,SV-W,2026-05-14T03:58:00Z,20462508.325,20462509.652,72.675
RX-1,SV-W,2026-05-14T03:59:00Z,20457535.284,20457536.985,72.871
RX-1,SV-W,2026-05-14T04:00:00Z,20452618.607,20452620.306,73.067
RX-2,SV-M,2026-05-14T09:15:00Z,20673293.847,20673297.130,64.142
RX-2,SV-M,2026-05-14T09:16:00Z,20680021.987,20680024.853,63.965
RX-2,SV-M,2026-05-14T09:17:00Z,20686794.495,20686797.642,63.789
RX-2,SV-M,2026-05-14T09:18:00Z,20693612.628,20693615.739,63.612
RX-2,SV-M,2026-05-14T09:19:00Z,20700476.253,20700479.537,63.436
RX-2,SV-M,2026-05-14T09:20:00Z,20707384.929,20707388.083,63.259
RX-2,SV-M,2026-05-14T09:21:00Z,20714338.778,20714341.910,63.083
RX-2,SV-M,2026-05-14T09:22:00Z,20721337.772,20721340.990,62.906
RX-2,SV-M,2026-05-14T09:23:00Z,20728382.422,20728385.162,62.729
RX-2,SV-M,2026-05-14T09:24:00Z,20735471.678,20735474.793,62.553
RX-2,SV-M,2026-05-14T09:25:00Z,20742606.347,20742609.370,62.376
RX-2,SV-M,2026-05-14T09:26:00Z,20749785.931,20749789.220,62.200
RX-2,SV-M,2026-05-14T09:27:00Z,20757010.984,20757013.969,62.023
RX-2,SV-M,2026-05-14T09:28:00Z,20764280.798,20764283.961,61.847
RX-2,SV-M,2026-05-14T09:29:00Z,20771595.912,20771599.179,61.670
RX-2,SV-M,2026-05-14T09:30:00Z,20778955.994,20778959.185,61.494
RX-2,SV-M,2026-05-14T09:31:00Z,20786361.210,20786364.347,61.317
RX-2,SV-M,2026-05-14T09:32:00Z,20793811.357,20793814.797,61.140
RX-2,SV-M,2026-05-14T09:33:00Z,20801306.702,20801309.765,60.964
RX-2,SV-M,2026-05-14T09:34:00Z,20808846.992,20808850.148,60.787
RX-2,SV-M,2026-05-14T09:35:00Z,20816432.704,20816435.442,60.611
RX-2,SV-M,2026-05-14T09:36:00Z,20824062.806,20824065.745,60.434
RX-2,SV-M,2026-05-14T09:37:00Z,20831738.022,20831741.099,60.258
RX-2,SV-M,2026-05-14T09:38:00Z,20839458.071,20839461.470,60.081
RX-2,SV-M,2026-05-14T09:39:00Z,20847223.238,20847226.481,59.904
RX-2,SV-M,2026-05-14T09:40:00Z,20855033.470,20855036.749,59.728
RX-2,SV-M,2026-05-14T09:41:00Z,20862888.678,20862891.805,59.551
RX-2,SV-M,2026-05-14T09:42:00Z,20870788.436,20870791.455,59.375
RX-2,SV-M,2026-05-14T09:43:00Z,20878733.085,20878736.451,59.198
RX-2,SV-M,2026-05-14T09:44:00Z,20886722.733,20886725.969,59.022
RX-2,SV-M,2026-05-14T09:45:00Z,20894757.351,20894760.599,58.845
RX-2,SV-M,2026-05-14T09:46:00Z,20902836.588,20902839.645,58.668
RX-2,SV-M,2026-05-14T09:47:00Z,20910960.516,20910963.730,58.492
RX-2,SV-M,2026-05-14T09:48:00Z,20919129.465,20919132.585,58.315
RX-2,SV-M,2026-05-14T09:49:00Z,20927342.789,20927346.274,58.139
RX-2,SV-M,2026-05-14T09:50:00Z,20935601.242,20935604.441,57.962
RX-2,SV-M,2026-05-14T09:51:00Z,20943904.316,20943907.591,57.786
RX-2,SV-M,2026-05-14T09:52:00Z,20952252.299,20952255.313,57.609
RX-2,SV-M,2026-05-14T09:53:00Z,20960644.481,20960647.599,57.433
RX-2,SV-M,2026-05-14T09:54:00Z,20969081.775,20969084.941,57.256
RX-2,SV-M,2026-05-14T09:55:00Z,20977563.216,20977566.684,57.079
RX-2,SV-M,2026-05-14T09:56:00Z,20986089.547,20986092.947,56.903
RX-2,SV-M,2026-05-14T09:57:00Z,20994660.598,20994663.804,56.726
RX-2,SV-M,2026-05-14T09:58:00Z,21003276.026,21003279.492,56.550
RX-2,SV-M,2026-05-14T09:59:00Z,21011936.352,21011939.741,56.373
RX-2,SV-M,2026-05-14T10:00:00Z,21020640.900,21020643.855,56.197
RX-2,SV-M,2026-05-14T10:01:00Z,21029389.851,21029393.338,56.020
RX-2,SV-M,2026-05-14T10:02:00Z,21038183.666,21038186.605,55.843
RX-2,SV-M,2026-05-14T10:03:00Z,21047021.780,21047025.051,55.667
RX-2,SV-M,2026-05-14T10:04:00Z,21055904.650,21055907.529,55.490
RX-2,SV-M,2026-05-14T10:05:00Z,21064831.101,21064834.672,55.314
RX-2,SV-M,2026-05-14T10:06:00Z,21073802.778,21073805.909,55.137
RX-2,SV-M,2026-05-14T10:07:00Z,21082818.579,21082821.861,54.961
RX-2,SV-M,2026-05-14T10:08:00Z,21091878.610,21091881.793,54.784
RX-2,SV-M,2026-05-14T10:09:00Z,21100982.831,21100986.307,54.608
RX-2,SV-M,2026-05-14T10:10:00Z,21110131.681,21110135.001,54.431
RX-2,SV-M,2026-05-14T10:11:00Z,21119324.733,21119328.239,54.254
RX-2,SV-M,2026-05-14T10:12:00Z,21128561.915,21128565.300,54.078
RX-2,SV-M,2026-05-14T10:13:00Z,21137843.519,21137846.891,53.901
RX-2,SV-M,2026-05-14T10:14:00Z,21147169.428,21147172.600,53.725
RX-2,SV-M,2026-05-14T10:15:00Z,21156539.284,21156542.735,53.548
RX-2,SV-M,2026-05-14T10:16:00Z,21165953.369,21165956.715,53.372
RX-2,SV-M,2026-05-14T10:17:00Z,21175411.582,21175415.077,53.195
RX-2,SV-M,2026-05-14T10:18:00Z,21184913.844,21184916.992,53.018
RX-2,SV-M,2026-05-14T10:19:00Z,21194460.232,21194463.737,52.842
RX-2,SV-M,2026-05-14T10:20:00Z,21204050.897,21204054.404,52.665
RX-2,SV-M,2026-05-14T10:21:00Z,21213685.038,21213688.605,52.489
RX-2,SV-M,2026-05-14T10:22:00Z,21223364.125,21223367.234,52.312
RX-2,SV-M,2026-05-14T10:23:00Z,21233086.507,21233089.873,52.136
RX-2,SV-M,2026-05-14T10:24:00Z,21242852.665,21242856.096,51.959
RX-2,SV-M,2026-05-14T10:25:00Z,21252662.864,21252666.534,51.782
RX-2,SV-M,2026-05-14T10:26:00Z,21262517.232,21262520.816,51.606
RX-2,SV-M,2026-05-14T10:27:00Z,21272415.179,21272418.784,51.429
RX-2,SV-M,2026-05-14T10:28:00Z,21282357.410,21282360.720,51.253
RX-2,SV-M,2026-05-14T10:29:00Z,21292343.031,21292346.570,51.076
RX-2,SV-M,2026-05-14T10:30:00Z,21302372.512,21302376.199,50.900
RX-2,SV-M,2026-05-14T10:31:00Z,21312445.747,21312449.194,50.723
RX-2,SV-M,2026-05-14T10:32:00Z,21322562.737,21322566.250,50.547
RX-2,SV-M,2026-05-14T10:33:00Z,21332723.314,21332726.780,50.370
RX-2,SV-M,2026-05-14T10:34:00Z,21342927.638,21342931.201,50.193
RX-2,SV-M,2026-05-14T10:35:00Z,21353175.586,21353179.186,50.017
RX-2,SV-M,2026-05-14T10:36:00Z,21363466.928,21363470.664,49.840
RX-2,SV-M,2026-05-14T10:37:00Z,21373802.479,21373805.869,49.664
RX-2,SV-M,2026-05-14T10:38:00Z,21384180.754,21384184.246,49.487
RX-2,SV-M,2026-05-14T10:39:00Z,21394602.973,21394606.250,49.311
RX-2,SV-M,2026-05-14T10:40:00Z,21405068.384,21405072.195,49.134
RX-2,SV-M,2026-05-14T10:41:00Z,21415577.360,21415580.896,48.957
RX-2,SV-M,2026-05-14T10:42:00Z,21426129.797,21426133.510,48.781
RX-2,SV-M,2026-05-14T10:43:00Z,21436725.558,21436729.028,48.604
RX-2,SV-M,2026-05-14T10:44:00Z,21447364.586,21447368.018,48.428
RX-2,SV-M,2026-05-14T10:45:00Z,21458046.927,21458050.795,48.251
RX-2,SV-M,2026-05-14T10:46:00Z,21468772.803,21468776.150,48.075
RX-2,SV-M,2026-05-14T10:47:00Z,21479541.488,21479544.954,47.898
RX-2,SV-M,2026-05-14T10:48:00Z,21490353.700,21490357.273,47.722
RX-2,SV-M,2026-05-14T10:49:00Z,21501208.635,21501212.180,47.545
RX-2,SV-M,2026-05-14T10:50:00Z,21512107.054,21512110.512,47.368
RX-2,SV-M,2026-05-14T10:51:00Z,21523048.381,21523052.330,47.192
RX-2,SV-M,2026-05-14T10:52:00Z,21534032.782,21534036.335,47.015
RX-2,SV-M,2026-05-14T10:53:00Z,21545060.374,21545063.892,46.839
RX-2,SV-M,2026-05-14T10:54:00Z,21556130.666,21556134.495,46.662
RX-2,SV-M,2026-05-14T10:55:00Z,21567244.282,21567248.090,46.486
RX-2,SV-M,2026-05-14T10:56:00Z,21578400.285,21578404.324,46.309
RX-2,SV-M,2026-05-14T10:57:00Z,21589599.349,21589603.374,46.132
RX-2,SV-M,2026-05-14T10:58:00Z,21600841.426,21600845.341,45.956
RX-2,SV-M,2026-05-14T10:59:00Z,21612126.255,21612130.093,45.779
RX-2,SV-M,2026-05-14T11:00:00Z,21623453.601,21623457.463,45.603
RX-2,SV-M,2026-05-14T11:01:00Z,21634823.709,21634827.507,45.426
RX-2,SV-M,2026-05-14T11:02:00Z,21646236.658,21646240.285,45.250
RX-2,SV-M,2026-05-14T11:03:00Z,21657692.163,21657695.825,45.073
RX-2,SV-M,2026-05-14T11:04:00Z,21669190.053,21669193.915,44.896
RX-2,SV-M,2026-05-14T11:05:00Z,21680730.404,21680734.500,44.720
RX-2,SV-M,2026-05-14T11:06:00Z,21692313.875,21692317.431,44.543
RX-2,SV-M,2026-05-14T11:07:00Z,21703939.288,21703943.178,44.367
RX-2,SV-M,2026-05-14T11:08:00Z,21715607.209,21715610.935,44.190
RX-2,SV-M,2026-05-14T11:09:00Z,21727317.454,21727321.367,44.014
RX-2,SV-M,2026-05-14T11:10:00Z,21739070.313,21739074.088,43.837
RX-2,SV-M,2026-05-14T11:11:00Z,21750864.938,21750869.012,43.661
RX-2,SV-M,2026-05-14T11:12:00Z,21762702.215,21762706.103,43.484
RX-2,SV-M,2026-05-14T11:13:00Z,21774581.672,21774585.632,43.307
RX-2,SV-M,2026-05-14T11:14:00Z,21786503.080,21786506.897,43.131
RX-2,SV-M,2026-05-14T11:15:00Z,21798466.667,21798470.451,42.954
RX-2,SV-R,2026-05-14T09:15:00Z,21726544.100,21726544.868,44.025
RX-2,SV-R,2026-05-14T09:16:00Z,21714076.217,21714077.202,44.213
RX-2,SV-R,2026-05-14T09:17:00Z,21701656.482,21701657.503,44.401
RX-2,SV-R,2026-05-14T09:18:00Z,21689285.019,21689286.138,44.589
RX-2,SV-R,2026-05-14T09:19:00Z,21676961.563,21676962.699,44.778
RX-2,SV-R,2026-05-14T09:20:00Z,21664686.637,21664687.407,44.966
RX-2,SV-R,2026-05-14T09:21:00Z,21652459.394,21652460.556,45.154
RX-2,SV-R,2026-05-14T09:22:00Z,21640280.733,21640281.987,45.342
RX-2,SV-R,2026-05-14T09:23:00Z,21628150.421,21628151.786,45.530
RX-2,SV-R,2026-05-14T09:24:00Z,21616068.856,21616069.715,45.718
RX-2,SV-R,2026-05-14T09:25:00Z,21604035.417,21604036.499,45.906
RX-2,SV-R,2026-05-14T09:26:00Z,21592050.618,21592051.505,46.094
RX-2,SV-R,2026-05-14T09:27:00Z,21580114.599,21580115.478,46.282
RX-2,SV-R,2026-05-14T09:28:00Z,21568226.835,21568227.756,46.470
RX-2,SV-R,2026-05-14T09:29:00Z,21556387.711,21556388.867,46.658
RX-2,SV-R,2026-05-14T09:30:00Z,21544597.567,21544598.691,46.846
RX-2,SV-R,2026-05-14T09:31:00Z,21532855.950,21532857.269,47.034
RX-2,SV-R,2026-05-14T09:32:00Z,21521163.237,21521164.367,47.222
RX-2,SV-R,2026-05-14T09:33:00Z,21509519.242,21509520.128,47.410
RX-2,SV-R,2026-05-14T09:34:00Z,21497924.474,21497925.446,47.598
RX-2,SV-R,2026-05-14T09:35:00Z,21486378.123,21486379.145,47.786
RX-2,SV-R,2026-05-14T09:36:00Z,21474880.740,21474881.941,47.974
RX-2,SV-R,2026-05-14T09:37:00Z,21463433.154,21463433.965,48.162
RX-2,SV-R,2026-05-14T09:38:00Z,21452033.694,21452034.976,48.350
RX-2,SV-R,2026-05-14T09:39:00Z,21440683.797,21440684.775,48.539
RX-2,SV-R,2026-05-14T09:40:00Z,21429383.147,21429383.995,48.727
RX-2,SV-R,2026-05-14T09:41:00Z,21418131.474,21418132.533,48.915
RX-2,SV-R,2026-05-14T09:42:00Z,21406929.091,21406929.835,49.103
RX-2,SV-R,2026-05-14T09:43:00Z,21395775.930,21395776.898,49.291
RX-2,SV-R,2026-05-14T09:44:00Z,21384672.177,21384673.004,49.479
RX-2,SV-R,2026-05-14T09:45:00Z,21373617.353,21373618.181,49.667
RX-2,SV-R,2026-05-14T09:46:00Z,21362612.063,21362613.435,49.855
RX-2,SV-R,2026-05-14T09:47:00Z,21351656.252,21351657.569,50.043
RX-2,SV-R,2026-05-14T09:48:00Z,21340750.239,21340751.242,50.231
RX-2,SV-R,2026-05-14T09:49:00Z,21329893.273,21329894.334,50.419
RX-2,SV-R,2026-05-14T09:50:00Z,21319086.298,21319086.988,50.607
RX-2,SV-R,2026-05-14T09:51:00Z,21308328.263,21308329.367,50.795
RX-2,SV-R,2026-05-14T09:52:00Z,21297620.359,21297621.063,50.983
RX-2,SV-R,2026-05-14T09:53:00Z,21286961.825,21286962.562,51.171
RX-2,SV-R,2026-05-14T09:54:00Z,21276352.890,21276353.788,51.359
RX-2,SV-R,2026-05-14T09:55:00Z,21265793.791,21265794.855,51.547
RX-2,SV-R,2026-05-14T09:56:00Z,21255284.353,21255285.377,51.735
RX-2,SV-R,2026-05-14T09:57:00Z,21244824.979,21244825.871,51.923
RX-2,SV-R,2026-05-14T09:58:00Z,21234415.308,21234416.227,52.112
RX-2,SV-R,2026-05-14T09:59:00Z,21224055.420,21224056.065,52.300
RX-2,SV-R,2026-05-14T10:00:00Z,21213745.346,21213745.911,52.488
RX-2,SV-R,2026-05-14T10:01:00Z,21203484.943,21203485.955,52.676
RX-2,SV-R,2026-05-14T10:02:00Z,21193274.925,21193275.647,52.864
RX-2,SV-R,2026-05-14T10:03:00Z,21183114.828,21183115.629,53.052
RX-2,SV-R,2026-05-14T10:04:00Z,21173004.492,21173005.423,53.240
RX-2,SV-R,2026-05-14T10:05:00Z,21162944.368,21162945.350,53.428
RX-2,SV-R,2026-05-14T10:06:00Z,21152934.500,21152935.190,53.616
RX-2,SV-R,2026-05-14T10:07:00Z,21142974.224,21142974.954,53.804
RX-2,SV-R,2026-05-14T10:08:00Z,21133064.526,21133065.073,53.992
RX-2,SV-R,2026-05-14T10:09:00Z,21123204.856,21123205.416,54.180
RX-2,SV-R,2026-05-14T10:10:00Z,21113395.349,21113396.227,54.368
RX-2,SV-R,2026-05-14T10:11:00Z,21103636.094,21103637.049,54.556
RX-2,SV-R,2026-05-14T10:12:00Z,21093927.189,21093927.856,54.744
RX-2,SV-R,2026-05-14T10:13:00Z,21084268.385,21084269.141,54.932
RX-2,SV-R,2026-05-14T10:14:00Z,21074660.221,21074660.793,55.120
RX-2,SV-R,2026-05-14T10:15:00Z,21065101.744,21065103.054,55.308
RX-2,SV-R,2026-05-14T10:16:00Z,21055594.182,21055595.063,55.496
RX-2,SV-R,2026-05-14T10:17:00Z,21046136.962,21046137.912,55.685
RX-2,SV-R,2026-05-14T10:18:00Z,21036730.200,21036730.863,55.873
RX-2,SV-R,2026-05-14T10:19:00Z,21027373.786,21027374.358,56.061
RX-2,SV-R,2026-05-14T10:20:00Z,21018067.799,21018068.637,56.249
RX-2,SV-R,2026-05-14T10:21:00Z,21008812.436,21008813.207,56.437
RX-2,SV-R,2026-05-14T10:22:00Z,20999607.239,20999608.116,56.625
RX-2,SV-R,2026-05-14T10:23:00Z,20990453.008,20990453.759,56.813
RX-2,SV-R,2026-05-14T10:24:00Z,20981349.514,20981349.996,57.001
RX-2,SV-R,2026-05-14T10:25:00Z,20972296.214,20972296.710,57.189
RX-2,SV-R,2026-05-14T10:26:00Z,20963293.600,20963294.293,57.377
RX-2,SV-R,2026-05-14T10:27:00Z,20954341.667,20954342.309,57.565
RX-2,SV-R,2026-05-14T10:28:00Z,20945440.655,20945441.278,57.753
RX-2,SV-R,2026-05-14T10:29:00Z,20936590.104,20936590.743,57.941
RX-2,SV-R,2026-05-14T10:30:00Z,20927790.062,20927790.952,58.129
RX-2,SV-R,2026-05-14T10:31:00Z,20919041.106,20919042.026,58.317
RX-2,SV-R,2026-05-14T10:32:00Z,20910342.892,20910343.847,58.505
RX-2,SV-R,2026-05-14T10:33:00Z,20901695.529,20901696.102,58.693
RX-2,SV-R,2026-05-14T10:34:00Z,20893098.556,20893099.429,58.881
RX-2,SV-R,2026-05-14T10:35:00Z,20884553.038,20884553.672,59.069
RX-2,SV-R,2026-05-14T10:36:00Z,20876058.103,20876058.727,59.258
RX-2,SV-R,2026-05-14T10:37:00Z,20867614.172,20867614.703,59.446
RX-2,SV-R,2026-05-14T10:38:00Z,20859220.923,20859221.608,59.634
RX-2,SV-R,2026-05-14T10:39:00Z,20850878.638,20850879.253,59.822
RX-2,SV-R,2026-05-14T10:40:00Z,20842587.150,20842588.072,60.010
RX-2,SV-R,2026-05-14T10:41:00Z,20834346.848,20834347.484,60.198
RX-2,SV-R,2026-05-14T10:42:00Z,20826157.716,20826158.374,60.386
RX-2,SV-R,2026-05-14T10:43:00Z,20818019.177,20818020.165,60.574
RX-2,SV-R,2026-05-14T10:44:00Z,20809931.920,20809932.729,60.762
RX-2,SV-R,2026-05-14T10:45:00Z,20801895.933,20801896.538,60.950
RX-2,SV-R,2026-05-14T10:46:00Z,20793910.658,20793911.368,61.138
RX-2,SV-R,2026-05-14T10:47:00Z,20785976.524,20785977.469,61.326
RX-2,SV-R,2026-05-14T10:48:00Z,20778093.659,20778094.366,61.514
RX-2,SV-R,2026-05-14T10:49:00Z,20770261.751,20770262.626,61.702
RX-2,SV-R,2026-05-14T10:50:00Z,20762481.253,20762481.621,61.890
RX-2,SV-R,2026-05-14T10:51:00Z,20754751.466,20754752.225,62.078
RX-2,SV-R,2026-05-14T10:52:00Z,20747073.158,20747073.759,62.266
RX-2,SV-R,2026-05-14T10:53:00Z,20739445.958,20739446.510,62.454
RX-2,SV-R,2026-05-14T10:54:00Z,20731869.968,20731870.492,62.642
RX-2,SV-R,2026-05-14T10:55:00Z,20724345.360,20724345.894,62.830
RX-2,SV-R,2026-05-14T10:56:00Z,20716871.798,20716872.436,63.019
RX-2,SV-R,2026-05-14T10:57:00Z,20709449.375,20709450.278,63.207
RX-2,SV-R,2026-05-14T10:58:00Z,20702078.215,20702079.500,63.395
RX-2,SV-R,2026-05-14T10:59:00Z,20694758.896,20694759.500,63.583
RX-2,SV-R,2026-05-14T11:00:00Z,20687490.640,20687491.325,63.771
RX-2,SV-R,2026-05-14T11:01:00Z,20680273.607,20680274.233,63.959
RX-2,SV-R,2026-05-14T11:02:00Z,20673107.777,20673108.671,64.147
RX-2,SV-R,2026-05-14T11:03:00Z,20665993.632,20665994.454,64.335
RX-2,SV-R,2026-05-14T11:04:00Z,20658931.022,20658931.420,64.523
RX-2,SV-R,2026-05-14T11:05:00Z,20651919.256,20651919.678,64.711
RX-2,SV-R,2026-05-14T11:06:00Z,20644958.913,20644959.770,64.899
RX-2,SV-R,2026-05-14T11:07:00Z,20638050.316,20638050.999,65.087
RX-2,SV-R,2026-05-14T11:08:00Z,20631193.003,20631193.734,65.275
RX-2,SV-R,2026-05-14T11:09:00Z,20624387.239,20624387.962,65.463
RX-2,SV-R,2026-05-14T11:10:00Z,20617633.044,20617633.362,65.651
RX-2,SV-R,2026-05-14T11:11:00Z,20610929.861,20610930.523,65.839
RX-2,SV-R,2026-05-14T11:12:00Z,20604278.726,20604279.250,66.027
RX-2,SV-R,2026-05-14T11:13:00Z,20597678.645,20597679.304,66.215
RX-2,SV-R,2026-05-14T11:14:00Z,20591130.249,20591130.848,66.403
RX-2,SV-R,2026-05-14T11:15:00Z,20584633.508,20584633.901,66.592
RX-2,SV-T,2026-05-14T09:15:00Z,21204748.745,21204752.270,52.652
RX-2,SV-T,2026-05-14T09:16:00Z,21193887.899,21193891.320,52.852
RX-2,SV-T,2026-05-14T09:17:00Z,21183083.299,21183086.833,53.052
RX-2,SV-T,2026-05-14T09:18:00Z,21172335.621,21172338.788,53.252
RX-2,SV-T,2026-05-14T09:19:00Z,21161644.077,21161647.558,53.452
RX-2,SV-T,2026-05-14T09:20:00Z,21151009.178,21151012.622,53.652
RX-2,SV-T,2026-05-14T09:21:00Z,21140431.194,21140434.604,53.852
RX-2,SV-T,2026-05-14T09:22:00Z,21129909.659,21129913.416,54.052
RX-2,SV-T,2026-05-14T09:23:00Z,21119444.920,21119448.463,54.252
RX-2,SV-T,2026-05-14T09:24:00Z,21109037.066,21109040.652,54.452
RX-2,SV-T,2026-05-14T09:25:00Z,21098685.960,21098689.154,54.652
RX-2,SV-T,2026-05-14T09:26:00Z,21088391.636,21088394.979,54.852
RX-2,SV-T,2026-05-14T09:27:00Z,21078154.219,21078157.672,55.052
RX-2,SV-T,2026-05-14T09:28:00Z,21067973.592,21067977.215,55.252
RX-2,SV-T,2026-05-14T09:29:00Z,21057850.045,21057853.450,55.452
RX-2,SV-T,2026-05-14T09:30:00Z,21047783.240,21047787.049,55.652
RX-2,SV-T,2026-05-14T09:31:00Z,21037773.746,21037777.121,55.852
RX-2,SV-T,2026-05-14T09:32:00Z,21027821.057,21027824.458,56.052
RX-2,SV-T,2026-05-14T09:33:00Z,21017925.424,21017929.090,56.252
RX-2,SV-T,2026-05-14T09:34:00Z,21008087.121,21008090.430,56.452
RX-2,SV-T,2026-05-14T09:35:00Z,20998305.816,20998309.063,56.651
RX-2,SV-T,2026-05-14T09:36:00Z,20988581.742,20988584.758,56.851
RX-2,SV-T,2026-05-14T09:37:00Z,20978914.681,20978918.175,57.051
RX-2,SV-T,2026-05-14T09:38:00Z,20969304.790,20969308.158,57.251
RX-2,SV-T,2026-05-14T09:39:00Z,20959752.207,20959755.547,57.451
RX-2,SV-T,2026-05-14T09:40:00Z,20950257.204,20950260.382,57.651
RX-2,SV-T,2026-05-14T09:41:00Z,20940819.044,20940822.542,57.851
RX-2,SV-T,2026-05-14T09:42:00Z,20931438.428,20931441.838,58.051
RX-2,SV-T,2026-05-14T09:43:00Z,20922115.460,20922118.889,58.251
RX-2,SV-T,2026-05-14T09:44:00Z,20912849.490,20912852.924,58.451
RX-2,SV-T,2026-05-14T09:45:00Z,20903641.224,20903644.579,58.651
RX-2,SV-T,2026-05-14T09:46:00Z,20894490.073,20894493.338,58.851
RX-2,SV-T,2026-05-14T09:47:00Z,20885396.521,20885399.882,59.051
RX-2,SV-T,2026-05-14T09:48:00Z,20876360.686,20876364.067,59.251
RX-2,SV-T,2026-05-14T09:49:00Z,20867382.083,20867385.474,59.451
RX-2,SV-T,2026-05-14T09:50:00Z,20858461.223,20858464.479,59.651
RX-2,SV-T,2026-05-14T09:51:00Z,20849597.832,20849601.258,59.851
RX-2,SV-T,2026-05-14T09:52:00Z,20840792.087,20840795.336,60.051
RX-2,SV-T,2026-05-14T09:53:00Z,20832043.892,20832047.509,60.251
RX-2,SV-T,2026-05-14T09:54:00Z,20823353.634,20823356.743,60.450
RX-2,SV-T,2026-05-14T09:55:00Z,20814720.674,20814723.988,60.650
RX-2,SV-T,2026-05-14T09:56:00Z,20806145.406,20806148.890,60.850
RX-2,SV-T,2026-05-14T09:57:00Z,20797628.118,20797631.480,61.050
RX-2,SV-T,2026-05-14T09:58:00Z,20789168.295,20789171.772,61.250
RX-2,SV-T,2026-05-14T09:59:00Z,20780766.805,20780770.007,61.450
RX-2,SV-T,2026-05-14T10:00:00Z,20772422.369,20772425.916,61.650
RX-2,SV-T,2026-05-14T10:01:00Z,20764136.243,20764139.544,61.850
RX-2,SV-T,2026-05-14T10:02:00Z,20755907.890,20755911.162,62.050
RX-2,SV-T,2026-05-14T10:03:00Z,20747737.358,20747740.633,62.250
RX-2,SV-T,2026-05-14T10:04:00Z,20739624.628,20739627.555,62.450
RX-2,SV-T,2026-05-14T10:05:00Z,20731569.764,20731573.038,62.650
RX-2,SV-T,2026-05-14T10:06:00Z,20723572.730,20723576.137,62.850
RX-2,SV-T,2026-05-14T10:07:00Z,20715633.986,20715637.161,63.050
RX-2,SV-T,2026-05-14T10:08:00Z,20707753.043,20707756.126,63.250
RX-2,SV-T,2026-05-14T10:09:00Z,20699929.888,20699932.851,63.450
RX-2,SV-T,2026-05-14T10:10:00Z,20692165.064,20692168.159,63.650
RX-2,SV-T,2026-05-14T10:11:00Z,20684457.821,20684461.107,63.850
RX-2,SV-T,2026-05-14T10:12:00Z,20676809.038,20676812.296,64.050
RX-2,SV-T,2026-05-14T10:13:00Z,20669218.015,20669221.307,64.250
RX-2,SV-T,2026-05-14T10:14:00Z,20661685.228,20661688.381,64.449
RX-2,SV-T,2026-05-14T10:15:00Z,20654210.422,20654213.739,64.649
RX-2,SV-T,2026-05-14T10:16:00Z,20646794.034,20646797.019,64.849
RX-2,SV-T,2026-05-14T10:17:00Z,20639435.040,20639438.583,65.049
RX-2,SV-T,2026-05-14T10:18:00Z,20632135.022,20632138.074,65.249
RX-2,SV-T,2026-05-14T10:19:00Z,20624892.903,20624896.065,65.449
RX-2,SV-T,2026-05-14T10:20:00Z,20617708.741,20617712.048,65.649
RX-2,SV-T,2026-05-14T10:21:00Z,20610582.963,20610586.157,65.849
RX-2,SV-T,2026-05-14T10:22:00Z,20603515.300,20603518.596,66.049
RX-2,SV-T,2026-05-14T10:23:00Z,20596505.887,20596509.091,66.249
RX-2,SV-T,2026-05-14T10:24:00Z,20589554.721,20589557.871,66.449
RX-2,SV-T,2026-05-14T10:25:00Z,20582661.788,20582665.151,66.649
RX-2,SV-T,2026-05-14T10:26:00Z,20575827.126,20575830.474,66.849
RX-2,SV-T,2026-05-14T10:27:00Z,20569050.924,20569054.169,67.049
RX-2,SV-T,2026-05-14T10:28:00Z,20562332.927,20562336.067,67.249
RX-2,SV-T,2026-05-14T10:29:00Z,20555673.263,20555676.282,67.449
RX-2,SV-T,2026-05-14T10:30:00Z,20549071.883,20549075.138,67.649
RX-2,SV-T,2026-05-14T10:31:00Z,20542528.823,20542531.918,67.849
RX-2,SV-T,2026-05-14T10:32:00Z,20536044.343,20536047.463,68.049
RX-2,SV-T,2026-05-14T10:33:00Z,20529617.926,20529620.864,68.248
RX-2,SV-T,2026-05-14T10:34:00Z,20523250.075,20523253.332,68.448
RX-2,SV-T,2026-05-14T10:35:00Z,20516940.538,20516943.608,68.648
RX-2,SV-T,2026-05-14T10:36:00Z,20510689.476,20510692.915,68.848
RX-2,SV-T,2026-05-14T10:37:00Z,20504496.807,20504499.980,69.048
RX-2,SV-T,2026-05-14T10:38:00Z,20498362.492,20498365.781,69.248
RX-2,SV-T,2026-05-14T10:39:00Z,20492286.785,20492290.040,69.448
RX-2,SV-T,2026-05-14T10:40:00Z,20486269.657,20486272.670,69.648
RX-2,SV-T,2026-05-14T10:41:00Z,20480310.895,20480313.926,69.848
RX-2,SV-T,2026-05-14T10:42:00Z,20474410.461,20474413.586,70.048
RX-2,SV-T,2026-05-14T10:43:00Z,20468568.597,20468571.931,70.248
RX-2,SV-T,2026-05-14T10:44:00Z,20462785.252,20462788.657,70.448
RX-2,SV-T,2026-05-14T10:45:00Z,20457060.775,20457063.694,70.648
RX-2,SV-T,2026-05-14T10:46:00Z,20451394.071,20451397.384,70.848
RX-2,SV-T,2026-05-14T10:47:00Z,20445786.580,20445789.771,71.048
RX-2,SV-T,2026-05-14T10:48:00Z,20440237.659,20440240.622,71.248
RX-2,SV-T,2026-05-14T10:49:00Z,20434746.816,20434750.007,71.448
RX-2,SV-T,2026-05-14T10:50:00Z,20429314.835,20429317.904,71.648
RX-2,SV-T,2026-05-14T10:51:00Z,20423941.448,20423944.521,71.848
RX-2,SV-T,2026-05-14T10:52:00Z,20418626.737,20418629.777,72.048
RX-2,SV-T,2026-05-14T10:53:00Z,20413370.401,20413373.702,72.247
RX-2,SV-T,2026-05-14T10:54:00Z,20408172.815,20408175.806,72.447
RX-2,SV-T,2026-05-14T10:55:00Z,20403033.897,20403036.827,72.647
RX-2,SV-T,2026-05-14T10:56:00Z,20397953.584,20397956.679,72.847
RX-2,SV-T,2026-05-14T10:57:00Z,20392932.087,20392934.863,73.047
RX-2,SV-T,2026-05-14T10:58:00Z,20387968.852,20387972.031,73.247
RX-2,SV-T,2026-05-14T10:59:00Z,20383064.555,20383067.559,73.447
RX-2,SV-T,2026-05-14T11:00:00Z,20378219.051,20378221.702,73.647
RX-2,SV-T,2026-05-14T11:01:00Z,20373431.949,20373434.977,73.847
RX-2,SV-T,2026-05-14T11:02:00Z,20368703.680,20368706.791,74.047
RX-2,SV-T,2026-05-14T11:03:00Z,20364034.053,20364036.995,74.247
RX-2,SV-T,2026-05-14T11:04:00Z,20359423.238,20359426.071,74.447
RX-2,SV-T,2026-05-14T11:05:00Z,20354871.162,20354873.930,74.647
RX-2,SV-T,2026-05-14T11:06:00Z,20350377.633,20350380.687,74.847
RX-2,SV-T,2026-05-14T11:07:00Z,20345942.848,20345945.468,75.047
RX-2,SV-T,2026-05-14T11:08:00Z,20341566.734,20341569.780,75.247
RX-2,SV-T,2026-05-14T11:09:00Z,20337249.549,20337252.344,75.447
RX-2,SV-T,2026-05-14T11:10:00Z,20332990.799,20332993.837,75.647
RX-2,SV-T,2026-05-14T11:11:00Z,20328791.253,20328794.458,75.847
RX-2,SV-T,2026-05-14T11:12:00Z,20324650.127,20324653.468,76.046
RX-2,SV-T,2026-05-14T11:13:00Z,20320567.877,20320571.147,76.246
RX-2,SV-T,2026-05-14T11:14:00Z,20316544.467,20316547.686,76.446
RX-2,SV-T,2026-05-14T11:15:00Z,20312579.839,20312583.067,76.646
RX-2,SV-W,2026-05-14T09:15:00Z,21230301.504,21230302.062,52.186
RX-2,SV-W,2026-05-14T09:16:00Z,21218405.570,21218405.687,52.403
RX-2,SV-W,2026-05-14T09:17:00Z,21206575.233,21206575.600,52.619
RX-2,SV-W,2026-05-14T09:18:00Z,21194811.265,21194811.462,52.835
RX-2,SV-W,2026-05-14T09:19:00Z,21183113.377,21183113.883,53.052
RX-2,SV-W,2026-05-14T09:20:00Z,21171481.927,21171482.142,53.268
RX-2,SV-W,2026-05-14T09:21:00Z,21159916.481,21159916.864,53.485
RX-2,SV-W,2026-05-14T09:22:00Z,21148417.620,21148417.862,53.701
RX-2,SV-W,2026-05-14T09:23:00Z,21136985.008,21136985.230,53.918
RX-2,SV-W,2026-05-14T09:24:00Z,21125619.049,21125619.234,54.134
RX-2,SV-W,2026-05-14T09:25:00Z,21114319.414,21114319.557,54.350
RX-2,SV-W,2026-05-14T09:26:00Z,21103086.204,21103086.471,54.567
RX-2,SV-W,2026-05-14T09:27:00Z,21091919.696,21091919.947,54.783
RX-2,SV-W,2026-05-14T09:28:00Z,21080819.579,21080820.202,55.000
RX-2,SV-W,2026-05-14T09:29:00Z,21069786.324,21069786.508,55.216
RX-2,SV-W,2026-05-14T09:30:00Z,21058819.819,21058820.012,55.433
RX-2,SV-W,2026-05-14T09:31:00Z,21047920.102,21047920.326,55.649
RX-2,SV-W,2026-05-14T09:32:00Z,21037086.947,21037087.123,55.865
RX-2,SV-W,2026-05-14T09:33:00Z,21026321.010,21026321.110,56.082
RX-2,SV-W,2026-05-14T09:34:00Z,21015621.519,21015621.689,56.298
RX-2,SV-W,2026-05-14T09:35:00Z,21004988.859,21004989.273,56.515
RX-2,SV-W,2026-05-14T09:36:00Z,20994423.502,20994423.580,56.731
RX-2,SV-W,2026-05-14T09:37:00Z,20983924.799,20983924.824,56.948
RX-2,SV-W,2026-05-14T09:38:00Z,20973493.349,20973493.614,57.164
RX-2,SV-W,2026-05-14T09:39:00Z,20963128.948,20963129.221,57.380
RX-2,SV-W,2026-05-14T09:40:00Z,20952831.598,20952831.538,57.597
RX-2,SV-W,2026-05-14T09:41:00Z,20942601.614,20942601.435,57.813
RX-2,SV-W,2026-05-14T09:42:00Z,20932438.388,20932438.339,58.030
RX-2,SV-W,2026-05-14T09:43:00Z,20922342.364,20922342.720,58.246
RX-2,SV-W,2026-05-14T09:44:00Z,20912313.948,20912314.063,58.463
RX-2,SV-W,2026-05-14T09:45:00Z,20902352.594,20902352.682,58.679
RX-2,SV-W,2026-05-14T09:46:00Z,20892458.517,20892458.730,58.895
RX-2,SV-W,2026-05-14T09:47:00Z,20882631.753,20882631.871,59.112
RX-2,SV-W,2026-05-14T09:48:00Z,20872872.625,20872872.926,59.328
RX-2,SV-W,2026-05-14T09:49:00Z,20863180.831,20863180.906,59.545
RX-2,SV-W,2026-05-14T09:50:00Z,20853556.621,20853556.489,59.761
RX-2,SV-W,2026-05-14T09:51:00Z,20843999.334,20843999.302,59.978
RX-2,SV-W,2026-05-14T09:52:00Z,20834509.908,20834510.026,60.194
RX-2,SV-W,2026-05-14T09:53:00Z,20825087.828,20825088.035,60.410
RX-2,SV-W,2026-05-14T09:54:00Z,20815733.412,20815733.882,60.627
RX-2,SV-W,2026-05-14T09:55:00Z,20806446.977,20806447.077,60.843
RX-2,SV-W,2026-05-14T09:56:00Z,20797227.825,20797227.795,61.060
RX-2,SV-W,2026-05-14T09:57:00Z,20788076.289,20788076.420,61.276
RX-2,SV-W,2026-05-14T09:58:00Z,20778992.496,20778992.590,61.493
RX-2,SV-W,2026-05-14T09:59:00Z,20769976.658,20769976.764,61.709
RX-2,SV-W,2026-05-14T10:00:00Z,20761028.355,20761028.314,61.925
RX-2,SV-W,2026-05-14T10:01:00Z,20752147.699,20752147.638,62.142
RX-2,SV-W,2026-05-14T10:02:00Z,20743334.725,20743334.865,62.358
RX-2,SV-W,2026-05-14T10:03:00Z,20734590.182,20734590.054,62.575
RX-2,SV-W,2026-05-14T10:04:00Z,20725912.861,20725913.159,62.791
RX-2,SV-W,2026-05-14T10:05:00Z,20717303.679,20717303.621,63.008
RX-2,SV-W,2026-05-14T10:06:00Z,20708762.441,20708762.540,63.224
RX-2,SV-W,2026-05-14T10:07:00Z,20700289.162,20700289.182,63.440
RX-2,SV-W,2026-05-14T10:08:00Z,20691883.715,20691883.528,63.657
RX-2,SV-W,2026-05-14T10:09:00Z,20683546.276,20683546.364,63.873
RX-2,SV-W,2026-05-14T10:10:00Z,20675277.014,20675276.769,64.090
RX-2,SV-W,2026-05-14T10:11:00Z,20667075.771,20667075.552,64.306
RX-2,SV-W,2026-05-14T10:12:00Z,20658941.887,20658942.339,64.523
RX-2,SV-W,2026-05-14T10:13:00Z,20650876.990,20650876.900,64.739
RX-2,SV-W,2026-05-14T10:14:00Z,20642879.508,20642879.769,64.955
RX-2,SV-W,2026-05-14T10:15:00Z,20634950.270,20634950.526,65.172
RX-2,SV-W,2026-05-14T10:16:00Z,20627089.734,20627089.620,65.388
RX-2,SV-W,2026-05-14T10:17:00Z,20619296.743,20619296.937,65.605
RX-2,SV-W,2026-05-14T10:18:00Z,20611572.347,20611572.259,65.821
RX-2,SV-W,2026-05-14T10:19:00Z,20603915.841,20603916.040,66.038
RX-2,SV-W,2026-05-14T10:20:00Z,20596327.552,20596327.545,66.254
RX-2,SV-W,2026-05-14T10:21:00Z,20588807.663,20588807.553,66.471
RX-2,SV-W,2026-05-14T10:22:00Z,20581356.097,20581356.162,66.687
RX-2,SV-W,2026-05-14T10:23:00Z,20573972.634,20573972.440,66.903
RX-2,SV-W,2026-05-14T10:24:00Z,20566657.610,20566657.607,67.120
RX-2,SV-W,2026-05-14T10:25:00Z,20559410.704,20559410.895,67.336
RX-2,SV-W,2026-05-14T10:26:00Z,20552232.330,20552232.301,67.553
RX-2,SV-W,2026-05-14T10:27:00Z,20545122.347,20545122.361,67.769
RX-2,SV-W,2026-05-14T10:28:00Z,20538080.576,20538080.503,67.986
RX-2,SV-W,2026-05-14T10:29:00Z,20531107.341,20531107.204,68.202
RX-2,SV-W,2026-05-14T10:30:00Z,20524202.417,20524202.402,68.418
RX-2,SV-W,2026-05-14T10:31:00Z,20517365.930,20517365.769,68.635
RX-2,SV-W,2026-05-14T10:32:00Z,20510598.023,20510597.734,68.851
RX-2,SV-W,2026-05-14T10:33:00Z,20503898.328,20503898.069,69.068
RX-2,SV-W,2026-05-14T10:34:00Z,20497267.171,20497267.112,69.284
RX-2,SV-W,2026-05-14T10:35:00Z,20490704.612,20490704.223,69.501
RX-2,SV-W,2026-05-14T10:36:00Z,20484210.275,20484210.451,69.717
RX-2,SV-W,2026-05-14T10:37:00Z,20477784.872,20477784.724,69.933
RX-2,SV-W,2026-05-14T10:38:00Z,20471427.706,20471427.590,70.150
RX-2,SV-W,2026-05-14T10:39:00Z,20465139.252,20465139.285,70.366
RX-2,SV-W,2026-05-14T10:40:00Z,20458919.257,20458919.016,70.583
RX-2,SV-W,2026-05-14T10:41:00Z,20452767.900,20452767.732,70.799
RX-2,SV-W,2026-05-14T10:42:00Z,20446685.151,20446685.253,71.016
RX-2,SV-W,2026-05-14T10:43:00Z,20440671.064,20440670.821,71.232
RX-2,SV-W,2026-05-14T10:44:00Z,20434725.487,20434725.233,71.448
RX-2,SV-W,2026-05-14T10:45:00Z,20428848.624,20428848.434,71.665
RX-2,SV-W,2026-05-14T10:46:00Z,20423040.301,20423040.156,71.881
RX-2,SV-W,2026-05-14T10:47:00Z,20417300.738,20417300.541,72.098
RX-2,SV-W,2026-05-14T10:48:00Z,20411629.914,20411629.668,72.314
RX-2,SV-W,2026-05-14T10:49:00Z,20406027.466,20406027.402,72.531
RX-2,SV-W,2026-05-14T10:50:00Z,20400493.948,20400493.744,72.747
RX-2,SV-W,2026-05-14T10:51:00Z,20395029.338,20395029.018,72.963
RX-2,SV-W,2026-05-14T10:52:00Z,20389633.030,20389632.827,73.180
RX-2,SV-W,2026-05-14T10:53:00Z,20384305.682,20384305.454,73.396
RX-2,SV-W,2026-05-14T10:54:00Z,20379047.049,20379046.895,73.613
RX-2,SV-W,2026-05-14T10:55:00Z,20373857.061,20373856.667,73.829
RX-2,SV-W,2026-05-14T10:56:00Z,20368735.985,20368735.623,74.046
RX-2,SV-W,2026-05-14T10:57:00Z,20363683.525,20363683.262,74.262
RX-2,SV-W,2026-05-14T10:58:00Z,20358699.882,20358699.859,74.478
RX-2,SV-W,2026-05-14T10:59:00Z,20353785.226,20353784.889,74.695
RX-2,SV-W,2026-05-14T11:00:00Z,20348939.383,20348938.958,74.911
RX-2,SV-W,2026-05-14T11:01:00Z,20344162.331,20344162.040,75.128
RX-2,SV-W,2026-05-14T11:02:00Z,20339453.715,20339453.301,75.344
RX-2,SV-W,2026-05-14T11:03:00Z,20334814.299,20334814.175,75.561
RX-2,SV-W,2026-05-14T11:04:00Z,20330243.530,20330243.333,75.777
RX-2,SV-W,2026-05-14T11:05:00Z,20325741.818,20325741.648,75.993
RX-2,SV-W,2026-05-14T11:06:00Z,20321308.745,20321308.324,76.210
RX-2,SV-W,2026-05-14T11:07:00Z,20316944.720,20316944.691,76.426
RX-2,SV-W,2026-05-14T11:08:00Z,20312649.538,20312649.421,76.643
RX-2,SV-W,2026-05-14T11:09:00Z,20308423.161,20308423.078,76.859
RX-2,SV-W,2026-05-14T11:10:00Z,20304265.890,20304265.508,77.076
RX-2,SV-W,2026-05-14T11:11:00Z,20300177.072,20300177.169,77.292
RX-2,SV-W,2026-05-14T11:12:00Z,20296157.675,20296157.370,77.508
RX-2,SV-W,2026-05-14T11:13:00Z,20292206.871,20292206.732,77.725
RX-2,SV-W,2026-05-14T11:14:00Z,20288325.077,20288325.081,77.941
RX-2,SV-W,2026-05-14T11:15:00Z,20284512.268,20284511.983,78.158
RX-3,SV-K,2026-05-14T17:30:00Z,21277308.405,21277313.082,51.818
RX-3,SV-K,2026-05-14T17:31:00Z,21266251.003,21266255.916,52.018
RX-3,SV-K,2026-05-14T17:32:00Z,21255249.607,21255253.945,52.217
RX-3,SV-K,2026-05-14T17:33:00Z,21244304.113,21244308.581,52.416
RX-3,SV-K,2026-05-14T17:34:00Z,21233414.733,21233418.974,52.615
RX-3,SV-K,2026-05-14T17:35:00Z,21222580.930,21222585.669,52.815
RX-3,SV-K,2026-05-14T17:36:00Z,21211803.742,21211808.446,53.014
RX-3,SV-K,2026-05-14T17:37:00Z,21201082.646,21201087.074,53.213
RX-3,SV-K,2026-05-14T17:38:00Z,21190417.487,21190422.154,53.412
RX-3,SV-K,2026-05-14T17:39:00Z,21179808.950,21179813.148,53.612
RX-3,SV-K,2026-05-14T17:40:00Z,21169256.077,21169260.794,53.811
RX-3,SV-K,2026-05-14T17:41:00Z,21158759.845,21158764.159,54.010
RX-3,SV-K,2026-05-14T17:42:00Z,21148319.809,21148324.579,54.209
RX-3,SV-K,2026-05-14T17:43:00Z,21137936.433,21137940.795,54.409
RX-3,SV-K,2026-05-14T17:44:00Z,21127609.023,21127613.592,54.608
RX-3,SV-K,2026-05-14T17:45:00Z,21117338.292,21117342.794,54.807
RX-3,SV-K,2026-05-14T17:46:00Z,21107123.834,21107128.435,55.006
RX-3,SV-K,2026-05-14T17:47:00Z,21096966.309,21096970.676,55.206
RX-3,SV-K,2026-05-14T17:48:00Z,21086864.855,21086869.106,55.405
RX-3,SV-K,2026-05-14T17:49:00Z,21076820.127,21076824.381,55.604
RX-3,SV-K,2026-05-14T17:50:00Z,21066831.887,21066836.216,55.803
RX-3,SV-K,2026-05-14T17:51:00Z,21056900.173,21056904.705,56.002
RX-3,SV-K,2026-05-14T17:52:00Z,21047025.488,21047029.723,56.202
RX-3,SV-K,2026-05-14T17:53:00Z,21037207.378,21037211.551,56.401
RX-3,SV-K,2026-05-14T17:54:00Z,21027445.933,21027450.198,56.600
RX-3,SV-K,2026-05-14T17:55:00Z,21017741.235,21017745.523,56.799
RX-3,SV-K,2026-05-14T17:56:00Z,21008092.777,21008097.493,56.999
RX-3,SV-K,2026-05-14T17:57:00Z,20998501.991,20998506.390,57.198
RX-3,SV-K,2026-05-14T17:58:00Z,20988967.812,20988971.813,57.397
RX-3,SV-K,2026-05-14T17:59:00Z,20979490.340,20979494.777,57.596
RX-3,SV-K,2026-05-14T18:00:00Z,20970069.747,20970073.959,57.796
RX-3,SV-K,2026-05-14T18:01:00Z,20960705.920,20960710.383,57.995
RX-3,SV-K,2026-05-14T18:02:00Z,20951399.364,20951403.677,58.194
RX-3,SV-K,2026-05-14T18:03:00Z,20942149.817,20942153.859,58.393
RX-3,SV-K,2026-05-14T18:04:00Z,20932956.994,20932961.336,58.593
RX-3,SV-K,2026-05-14T18:05:00Z,20923821.410,20923825.941,58.792
RX-3,SV-K,2026-05-14T18:06:00Z,20914742.788,20914747.091,58.991
RX-3,SV-K,2026-05-14T18:07:00Z,20905721.339,20905725.861,59.190
RX-3,SV-K,2026-05-14T18:08:00Z,20896756.952,20896761.231,59.390
RX-3,SV-K,2026-05-14T18:09:00Z,20887849.544,20887854.115,59.589
RX-3,SV-K,2026-05-14T18:10:00Z,20878999.497,20879004.034,59.788
RX-3,SV-K,2026-05-14T18:11:00Z,20870206.570,20870211.087,59.987
RX-3,SV-K,2026-05-14T18:12:00Z,20861471.034,20861475.539,60.187
RX-3,SV-K,2026-05-14T18:13:00Z,20852792.640,20852797.256,60.386
RX-3,SV-K,2026-05-14T18:14:00Z,20844171.374,20844175.807,60.585
RX-3,SV-K,2026-05-14T18:15:00Z,20835607.511,20835611.968,60.784
RX-3,SV-K,2026-05-14T18:16:00Z,20827101.127,20827105.410,60.984
RX-3,SV-K,2026-05-14T18:17:00Z,20818651.926,20818656.000,61.183
RX-3,SV-K,2026-05-14T18:18:00Z,20810259.883,20810264.121,61.382
RX-3,SV-K,2026-05-14T18:19:00Z,20801925.356,20801929.763,61.581
RX-3,SV-K,2026-05-14T18:20:00Z,20793648.265,20793652.516,61.781
RX-3,SV-K,2026-05-14T18:21:00Z,20785428.797,20785432.997,61.980
RX-3,SV-K,2026-05-14T18:22:00Z,20777266.269,20777270.838,62.179
RX-3,SV-K,2026-05-14T18:23:00Z,20769161.651,20769166.184,62.378
RX-3,SV-K,2026-05-14T18:24:00Z,20761114.401,20761118.822,62.578
RX-3,SV-K,2026-05-14T18:25:00Z,20753124.380,20753128.849,62.777
RX-3,SV-K,2026-05-14T18:26:00Z,20745192.416,20745196.679,62.976
RX-3,SV-K,2026-05-14T18:27:00Z,20737317.790,20737321.975,63.175
RX-3,SV-K,2026-05-14T18:28:00Z,20729500.743,20729504.638,63.375
RX-3,SV-K,2026-05-14T18:29:00Z,20721740.890,20721745.026,63.574
RX-3,SV-K,2026-05-14T18:30:00Z,20714039.138,20714043.012,63.773
RX-3,SV-K,2026-05-14T18:31:00Z,20706394.496,20706398.837,63.972
RX-3,SV-K,2026-05-14T18:32:00Z,20698808.028,20698812.134,64.172
RX-3,SV-K,2026-05-14T18:33:00Z,20691278.870,20691283.181,64.371
RX-3,SV-K,2026-05-14T18:34:00Z,20683807.380,20683811.910,64.570
RX-3,SV-K,2026-05-14T18:35:00Z,20676393.968,20676398.082,64.769
RX-3,SV-K,2026-05-14T18:36:00Z,20669037.909,20669042.034,64.969
RX-3,SV-K,2026-05-14T18:37:00Z,20661739.891,20661743.899,65.168
RX-3,SV-K,2026-05-14T18:38:00Z,20654499.302,20654503.230,65.367
RX-3,SV-K,2026-05-14T18:39:00Z,20647316.478,20647320.490,65.566
RX-3,SV-K,2026-05-14T18:40:00Z,20640191.492,20640195.770,65.766
RX-3,SV-K,2026-05-14T18:41:00Z,20633124.539,20633128.594,65.965
RX-3,SV-K,2026-05-14T18:42:00Z,20626115.198,20626119.234,66.164
RX-3,SV-K,2026-05-14T18:43:00Z,20619163.506,20619167.938,66.363
RX-3,SV-K,2026-05-14T18:44:00Z,20612270.105,20612273.905,66.563
RX-3,SV-K,2026-05-14T18:45:00Z,20605434.310,20605438.255,66.762
RX-3,SV-K,2026-05-14T18:46:00Z,20598656.599,20598660.403,66.961
RX-3,SV-K,2026-05-14T18:47:00Z,20591936.128,20591940.182,67.160
RX-3,SV-K,2026-05-14T18:48:00Z,20585274.166,20585278.280,67.360
RX-3,SV-K,2026-05-14T18:49:00Z,20578669.859,20578674.065,67.559
RX-3,SV-K,2026-05-14T18:50:00Z,20572123.795,20572127.549,67.758
RX-3,SV-K,2026-05-14T18:51:00Z,20565635.326,20565639.376,67.957
RX-3,SV-K,2026-05-14T18:52:00Z,20559205.018,20559209.192,68.157
RX-3,SV-K,2026-05-14T18:53:00Z,20552832.427,20552836.429,68.356
RX-3,SV-K,2026-05-14T18:54:00Z,20546518.047,20546522.192,68.555
RX-3,SV-K,2026-05-14T18:55:00Z,20540261.606,20540265.661,68.754
RX-3,SV-K,2026-05-14T18:56:00Z,20534063.187,20534067.555,68.954
RX-3,SV-K,2026-05-14T18:57:00Z,20527922.614,20527927.000,69.153
RX-3,SV-K,2026-05-14T18:58:00Z,20521840.530,20521844.698,69.352
RX-3,SV-K,2026-05-14T18:59:00Z,20515816.597,20515820.333,69.551
RX-3,SV-K,2026-05-14T19:00:00Z,20509850.110,20509854.154,69.751
RX-3,SV-K,2026-05-14T19:01:00Z,20503942.025,20503945.939,69.950
RX-3,SV-K,2026-05-14T19:02:00Z,20498091.972,20498096.155,70.149
RX-3,SV-K,2026-05-14T19:03:00Z,20492299.871,20492304.001,70.348
RX-3,SV-K,2026-05-14T19:04:00Z,20486565.945,20486570.303,70.548
RX-3,SV-K,2026-05-14T19:05:00Z,20480890.284,20480894.318,70.747
RX-3,SV-K,2026-05-14T19:06:00Z,20475272.815,20475276.808,70.946
RX-3,SV-K,2026-05-14T19:07:00Z,20469713.251,20469717.136,71.145
RX-3,SV-K,2026-05-14T19:08:00Z,20464212.107,20464216.036,71.344
RX-3,SV-K,2026-05-14T19:09:00Z,20458769.048,20458772.807,71.544
RX-3,SV-K,2026-05-14T19:10:00Z,20453384.105,20453387.860,71.743
RX-3,SV-K,2026-05-14T19:11:00Z,20448057.268,20448060.912,71.942
RX-3,SV-K,2026-05-14T19:12:00Z,20442788.388,20442792.547,72.141
RX-3,SV-K,2026-05-14T19:13:00Z,20437577.911,20437582.194,72.341
RX-3,SV-K,2026-05-14T19:14:00Z,20432426.028,20432430.037,72.540
RX-3,SV-K,2026-05-14T19:15:00Z,20427331.850,20427335.902,72.739
RX-3,SV-K,2026-05-14T19:16:00Z,20422296.105,20422300.256,72.938
RX-3,SV-K,2026-05-14T19:17:00Z,20417318.581,20417322.744,73.138
RX-3,SV-K,2026-05-14T19:18:00Z,20412399.560,20412403.367,73.337
RX-3,SV-K,2026-05-14T19:19:00Z,20407538.156,20407542.640,73.536
RX-3,SV-K,2026-05-14T19:20:00Z,20402735.610,20402739.836,73.735
RX-3,SV-K,2026-05-14T19:21:00Z,20397991.163,20397995.345,73.935
RX-3,SV-K,2026-05-14T19:22:00Z,20393305.187,20393309.169,74.134
RX-3,SV-K,2026-05-14T19:23:00Z,20388677.394,20388681.236,74.333
RX-3,SV-K,2026-05-14T19:24:00Z,20384107.640,20384111.601,74.532
RX-3,SV-K,2026-05-14T19:25:00Z,20379596.478,20379600.275,74.732
RX-3,SV-K,2026-05-14T19:26:00Z,20375143.408,20375147.317,74.931
RX-3,SV-K,2026-05-14T19:27:00Z,20370748.829,20370752.668,75.130
RX-3,SV-K,2026-05-14T19:28:00Z,20366412.581,20366416.354,75.329
RX-3,SV-K,2026-05-14T19:29:00Z,20362134.560,20362138.409,75.529
RX-3,SV-K,2026-05-14T19:30:00Z,20357914.707,20357918.649,75.728
RX-3,SV-M,2026-05-14T17:30:00Z,21521340.218,21521347.056,47.651
RX-3,SV-M,2026-05-14T17:31:00Z,21509347.385,21509354.471,47.846
RX-3,SV-M,2026-05-14T17:32:00Z,21497407.527,21497414.171,48.042
RX-3,SV-M,2026-05-14T17:33:00Z,21485520.490,21485527.086,48.237
RX-3,SV-M,2026-05-14T17:34:00Z,21473686.627,21473693.696,48.433
RX-3,SV-M,2026-05-14T17:35:00Z,21461905.946,21461912.832,48.629
RX-3,SV-M,2026-05-14T17:36:00Z,21450178.300,21450185.084,48.824
RX-3,SV-M,2026-05-14T17:37:00Z,21438503.975,21438510.966,49.020
RX-3,SV-M,2026-05-14T17:38:00Z,21426882.839,21426889.998,49.215
RX-3,SV-M,2026-05-14T17:39:00Z,21415315.193,21415321.868,49.411
RX-3,SV-M,2026-05-14T17:40:00Z,21403801.075,21403807.773,49.607
RX-3,SV-M,2026-05-14T17:41:00Z,21392339.570,21392346.606,49.802
RX-3,SV-M,2026-05-14T17:42:00Z,21380932.455,21380938.915,49.998
RX-3,SV-M,2026-05-14T17:43:00Z,21369577.893,21369584.893,50.193
RX-3,SV-M,2026-05-14T17:44:00Z,21358277.616,21358284.211,50.389
RX-3,SV-M,2026-05-14T17:45:00Z,21347030.608,21347037.284,50.584
RX-3,SV-M,2026-05-14T17:46:00Z,21335836.993,21335843.720,50.780
RX-3,SV-M,2026-05-14T17:47:00Z,21324697.218,21324704.089,50.976
RX-3,SV-M,2026-05-14T17:48:00Z,21313610.956,21313617.841,51.171
RX-3,SV-M,2026-05-14T17:49:00Z,21302578.693,21302585.629,51.367
RX-3,SV-M,2026-05-14T17:50:00Z,21291600.240,21291606.784,51.562
RX-3,SV-M,2026-05-14T17:51:00Z,21280675.124,21280682.180,51.758
RX-3,SV-M,2026-05-14T17:52:00Z,21269804.532,21269811.167,51.953
RX-3,SV-M,2026-05-14T17:53:00Z,21258987.260,21258994.014,52.149
RX-3,SV-M,2026-05-14T17:54:00Z,21248224.352,21248230.974,52.345
RX-3,SV-M,2026-05-14T17:55:00Z,21237515.144,21237521.865,52.540
RX-3,SV-M,2026-05-14T17:56:00Z,21226859.930,21226866.529,52.736
RX-3,SV-M,2026-05-14T17:57:00Z,21216258.871,21216265.418,52.931
RX-3,SV-M,2026-05-14T17:58:00Z,21205711.704,21205718.613,53.127
RX-3,SV-M,2026-05-14T17:59:00Z,21195219.154,21195225.589,53.323
RX-3,SV-M,2026-05-14T18:00:00Z,21184780.107,21184786.721,53.518
RX-3,SV-M,2026-05-14T18:01:00Z,21174395.324,21174401.855,53.714
RX-3,SV-M,2026-05-14T18:02:00Z,21164064.885,21164071.661,53.909
RX-3,SV-M,2026-05-14T18:03:00Z,21153788.822,21153795.150,54.105
RX-3,SV-M,2026-05-14T18:04:00Z,21143566.966,21143573.335,54.300
RX-3,SV-M,2026-05-14T18:05:00Z,21133399.398,21133406.034,54.496
RX-3,SV-M,2026-05-14T18:06:00Z,21123285.952,21123292.941,54.692
RX-3,SV-M,2026-05-14T18:07:00Z,21113227.382,21113233.926,54.887
RX-3,SV-M,2026-05-14T18:08:00Z,21103222.996,21103229.474,55.083
RX-3,SV-M,2026-05-14T18:09:00Z,21093272.812,21093279.481,55.278
RX-3,SV-M,2026-05-14T18:10:00Z,21083377.186,21083383.854,55.474
RX-3,SV-M,2026-05-14T18:11:00Z,21073536.204,21073542.581,55.669
RX-3,SV-M,2026-05-14T18:12:00Z,21063749.855,21063756.115,55.865
RX-3,SV-M,2026-05-14T18:13:00Z,21054017.914,21054024.318,56.061
RX-3,SV-M,2026-05-14T18:14:00Z,21044340.474,21044347.166,56.256
RX-3,SV-M,2026-05-14T18:15:00Z,21034717.892,21034724.443,56.452
RX-3,SV-M,2026-05-14T18:16:00Z,21025149.642,21025156.383,56.647
RX-3,SV-M,2026-05-14T18:17:00Z,21015636.313,21015643.012,56.843
RX-3,SV-M,2026-05-14T18:18:00Z,21006177.777,21006184.402,57.038
RX-3,SV-M,2026-05-14T18:19:00Z,20996773.946,20996780.612,57.234
RX-3,SV-M,2026-05-14T18:20:00Z,20987424.838,20987431.180,57.430
RX-3,SV-M,2026-05-14T18:21:00Z,20978130.776,20978137.018,57.625
RX-3,SV-M,2026-05-14T18:22:00Z,20968890.892,20968897.411,57.821
RX-3,SV-M,2026-05-14T18:23:00Z,20959706.341,20959712.907,58.016
RX-3,SV-M,2026-05-14T18:24:00Z,20950576.783,20950583.061,58.212
RX-3,SV-M,2026-05-14T18:25:00Z,20941501.686,20941508.176,58.408
RX-3,SV-M,2026-05-14T18:26:00Z,20932481.698,20932488.257,58.603
RX-3,SV-M,2026-05-14T18:27:00Z,20923516.684,20923523.218,58.799
RX-3,SV-M,2026-05-14T18:28:00Z,20914606.627,20914613.206,58.994
RX-3,SV-M,2026-05-14T18:29:00Z,20905751.849,20905758.366,59.190
RX-3,SV-M,2026-05-14T18:30:00Z,20896951.842,20896958.412,59.385
RX-3,SV-M,2026-05-14T18:31:00Z,20888206.945,20888213.258,59.581
RX-3,SV-M,2026-05-14T18:32:00Z,20879517.039,20879523.334,59.777
RX-3,SV-M,2026-05-14T18:33:00Z,20870882.555,20870888.669,59.972
RX-3,SV-M,2026-05-14T18:34:00Z,20862302.507,20862309.115,60.168
RX-3,SV-M,2026-05-14T18:35:00Z,20853778.344,20853784.551,60.363
RX-3,SV-M,2026-05-14T18:36:00Z,20845308.942,20845315.543,60.559
RX-3,SV-M,2026-05-14T18:37:00Z,20836894.825,20836901.241,60.754
RX-3,SV-M,2026-05-14T18:38:00Z,20828536.103,20828542.286,60.950
RX-3,SV-M,2026-05-14T18:39:00Z,20820232.189,20820238.694,61.146
RX-3,SV-M,2026-05-14T18:40:00Z,20811983.981,20811990.332,61.341
RX-3,SV-M,2026-05-14T18:41:00Z,20803790.834,20803797.182,61.537
RX-3,SV-M,2026-05-14T18:42:00Z,20795653.002,20795659.663,61.732
RX-3,SV-M,2026-05-14T18:43:00Z,20787570.583,20787577.026,61.928
RX-3,SV-M,2026-05-14T18:44:00Z,20779543.141,20779549.725,62.123
RX-3,SV-M,2026-05-14T18:45:00Z,20771571.761,20771577.859,62.319
RX-3,SV-M,2026-05-14T18:46:00Z,20763655.337,20763661.442,62.515
RX-3,SV-M,2026-05-14T18:47:00Z,20755794.292,20755800.483,62.710
RX-3,SV-M,2026-05-14T18:48:00Z,20747988.582,20747995.020,62.906
RX-3,SV-M,2026-05-14T18:49:00Z,20740238.264,20740244.806,63.101
RX-3,SV-M,2026-05-14T18:50:00Z,20732543.716,20732550.051,63.297
RX-3,SV-M,2026-05-14T18:51:00Z,20724904.659,20724910.935,63.493
RX-3,SV-M,2026-05-14T18:52:00Z,20717320.628,20717326.876,63.688
RX-3,SV-M,2026-05-14T18:53:00Z,20709792.729,20709798.838,63.884
RX-3,SV-M,2026-05-14T18:54:00Z,20702319.935,20702326.391,64.079
RX-3,SV-M,2026-05-14T18:55:00Z,20694902.765,20694909.107,64.275
RX-3,SV-M,2026-05-14T18:56:00Z,20687541.322,20687547.472,64.470
RX-3,SV-M,2026-05-14T18:57:00Z,20680235.283,20680241.361,64.666
RX-3,SV-M,2026-05-14T18:58:00Z,20672984.762,20672991.135,64.862
RX-3,SV-M,2026-05-14T18:59:00Z,20665790.204,20665796.262,65.057
RX-3,SV-M,2026-05-14T19:00:00Z,20658650.745,20658657.211,65.253
RX-3,SV-M,2026-05-14T19:01:00Z,20651567.521,20651573.627,65.448
RX-3,SV-M,2026-05-14T19:02:00Z,20644539.513,20644545.873,65.644
RX-3,SV-M,2026-05-14T19:03:00Z,20637567.409,20637573.549,65.839
RX-3,SV-M,2026-05-14T19:04:00Z,20630650.936,20630657.132,66.035
RX-3,SV-M,2026-05-14T19:05:00Z,20623790.175,20623796.296,66.231
RX-3,SV-M,2026-05-14T19:06:00Z,20616985.253,20616991.133,66.426
RX-3,SV-M,2026-05-14T19:07:00Z,20610235.751,20610242.174,66.622
RX-3,SV-M,2026-05-14T19:08:00Z,20603542.193,20603548.487,66.817
RX-3,SV-M,2026-05-14T19:09:00Z,20596904.520,20596910.518,67.013
RX-3,SV-M,2026-05-14T19:10:00Z,20590322.480,20590328.606,67.208
RX-3,SV-M,2026-05-14T19:11:00Z,20583796.338,20583802.378,67.404
RX-3,SV-M,2026-05-14T19:12:00Z,20577325.979,20577332.137,67.600
RX-3,SV-M,2026-05-14T19:13:00Z,20570911.250,20570917.395,67.795
RX-3,SV-M,2026-05-14T19:14:00Z,20564552.773,20564558.828,67.991
RX-3,SV-M,2026-05-14T19:15:00Z,20558249.621,20558255.703,68.186
RX-3,SV-M,2026-05-14T19:16:00Z,20552002.762,20552008.866,68.382
RX-3,SV-M,2026-05-14T19:17:00Z,20545811.527,20545817.505,68.578
RX-3,SV-M,2026-05-14T19:18:00Z,20539676.137,20539682.446,68.773
RX-3,SV-M,2026-05-14T19:19:00Z,20533596.884,20533602.886,68.969
RX-3,SV-M,2026-05-14T19:20:00Z,20527573.460,20527579.474,69.164
RX-3,SV-M,2026-05-14T19:21:00Z,20521605.649,20521611.969,69.360
RX-3,SV-M,2026-05-14T19:22:00Z,20515693.873,20515700.262,69.555
RX-3,SV-M,2026-05-14T19:23:00Z,20509838.287,20509844.685,69.751
RX-3,SV-M,2026-05-14T19:24:00Z,20504038.735,20504044.719,69.947
RX-3,SV-M,2026-05-14T19:25:00Z,20498295.359,20498301.124,70.142
RX-3,SV-M,2026-05-14T19:26:00Z,20492607.194,20492613.416,70.338
RX-3,SV-M,2026-05-14T19:27:00Z,20486975.508,20486981.757,70.533
RX-3,SV-M,2026-05-14T19:28:00Z,20481399.682,20481405.869,70.729
RX-3,SV-M,2026-05-14T19:29:00Z,20475879.883,20475886.003,70.924
RX-3,SV-M,2026-05-14T19:30:00Z,20470415.955,20470422.073,71.120
RX-3,SV-P,2026-05-14T17:30:00Z,20362486.141,20362492.705,75.512
RX-3,SV-P,2026-05-14T17:31:00Z,20366432.856,20366439.273,75.329
RX-3,SV-P,2026-05-14T17:32:00Z,20370429.237,20370435.523,75.145
RX-3,SV-P,2026-05-14T17:33:00Z,20374474.908,20374481.451,74.961
RX-3,SV-P,2026-05-14T17:34:00Z,20378570.325,20378576.817,74.777
RX-3,SV-P,2026-05-14T17:35:00Z,20382715.486,20382721.810,74.594
RX-3,SV-P,2026-05-14T17:36:00Z,20386910.146,20386916.658,74.410
RX-3,SV-P,2026-05-14T17:37:00Z,20391154.126,20391160.692,74.226
RX-3,SV-P,2026-05-14T17:38:00Z,20395447.788,20395454.397,74.043
RX-3,SV-P,2026-05-14T17:39:00Z,20399791.086,20399797.801,73.859
RX-3,SV-P,2026-05-14T17:40:00Z,20404184.079,20404190.345,73.675
RX-3,SV-P,2026-05-14T17:41:00Z,20408626.359,20408632.991,73.492
RX-3,SV-P,2026-05-14T17:42:00Z,20413118.237,20413124.770,73.308
RX-3,SV-P,2026-05-14T17:43:00Z,20417659.599,20417666.121,73.124
RX-3,SV-P,2026-05-14T17:44:00Z,20422250.426,20422256.934,72.940
RX-3,SV-P,2026-05-14T17:45:00Z,20426890.900,20426897.289,72.757
RX-3,SV-P,2026-05-14T17:46:00Z,20431580.400,20431587.155,72.573
RX-3,SV-P,2026-05-14T17:47:00Z,20436320.228,20436326.947,72.389
RX-3,SV-P,2026-05-14T17:48:00Z,20441109.281,20441115.847,72.206
RX-3,SV-P,2026-05-14T17:49:00Z,20445947.434,20445954.026,72.022
RX-3,SV-P,2026-05-14T17:50:00Z,20450835.239,20450842.031,71.838
RX-3,SV-P,2026-05-14T17:51:00Z,20455772.726,20455779.241,71.654
RX-3,SV-P,2026-05-14T17:52:00Z,20460759.340,20460765.931,71.471
RX-3,SV-P,2026-05-14T17:53:00Z,20465795.781,20465802.310,71.287
RX-3,SV-P,2026-05-14T17:54:00Z,20470881.162,20470887.842,71.103
RX-3,SV-P,2026-05-14T17:55:00Z,20476016.254,20476023.079,70.920
RX-3,SV-P,2026-05-14T17:56:00Z,20481200.897,20481207.448,70.736
RX-3,SV-P,2026-05-14T17:57:00Z,20486435.019,20486441.553,70.552
RX-3,SV-P,2026-05-14T17:58:00Z,20491718.381,20491724.858,70.368
RX-3,SV-P,2026-05-14T17:59:00Z,20497050.827,20497057.569,70.185
RX-3,SV-P,2026-05-14T18:00:00Z,20502433.569,20502439.860,70.001
RX-3,SV-P,2026-05-14T18:01:00Z,20507864.950,20507871.603,69.817
RX-3,SV-P,2026-05-14T18:02:00Z,20513345.582,20513352.200,69.634
RX-3,SV-P,2026-05-14T18:03:00Z,20518876.004,20518882.580,69.450
RX-3,SV-P,2026-05-14T18:04:00Z,20524455.696,20524462.217,69.266
RX-3,SV-P,2026-05-14T18:05:00Z,20530084.714,20530091.059,69.083
RX-3,SV-P,2026-05-14T18:06:00Z,20535762.800,20535769.454,68.899
RX-3,SV-P,2026-05-14T18:07:00Z,20541490.395,20541497.224,68.715
RX-3,SV-P,2026-05-14T18:08:00Z,20547267.491,20547274.230,68.531
RX-3,SV-P,2026-05-14T18:09:00Z,20553093.739,20553100.113,68.348
RX-3,SV-P,2026-05-14T18:10:00Z,20558969.133,20558976.059,68.164
RX-3,SV-P,2026-05-14T18:11:00Z,20564893.836,20564900.666,67.980
RX-3,SV-P,2026-05-14T18:12:00Z,20570868.097,20570874.949,67.797
RX-3,SV-P,2026-05-14T18:13:00Z,20576891.434,20576898.283,67.613
RX-3,SV-P,2026-05-14T18:14:00Z,20582964.433,20582970.822,67.429
RX-3,SV-P,2026-05-14T18:15:00Z,20589086.191,20589092.593,67.245
RX-3,SV-P,2026-05-14T18:16:00Z,20595257.067,20595263.710,67.062
RX-3,SV-P,2026-05-14T18:17:00Z,20601477.520,20601484.357,66.878
RX-3,SV-P,2026-05-14T18:18:00Z,20607747.120,20607753.522,66.694
RX-3,SV-P,2026-05-14T18:19:00Z,20614065.705,20614072.485,66.511
RX-3,SV-P,2026-05-14T18:20:00Z,20620433.908,20620440.314,66.327
RX-3,SV-P,2026-05-14T18:21:00Z,20626850.453,20626857.353,66.143
RX-3,SV-P,2026-05-14T18:22:00Z,20633317.011,20633323.782,65.959
RX-3,SV-P,2026-05-14T18:23:00Z,20639832.189,20639839.135,65.776
RX-3,SV-P,2026-05-14T18:24:00Z,20646396.696,20646403.428,65.592
RX-3,SV-P,2026-05-14T18:25:00Z,20653010.301,20653017.161,65.408
RX-3,SV-P,2026-05-14T18:26:00Z,20659673.047,20659679.802,65.225
RX-3,SV-P,2026-05-14T18:27:00Z,20666384.920,20666391.586,65.041
RX-3,SV-P,2026-05-14T18:28:00Z,20673145.636,20673152.752,64.857
RX-3,SV-P,2026-05-14T18:29:00Z,20679956.018,20679962.778,64.674
RX-3,SV-P,2026-05-14T18:30:00Z,20686814.847,20686821.713,64.490
RX-3,SV-P,2026-05-14T18:31:00Z,20693723.024,20693729.759,64.306
RX-3,SV-P,2026-05-14T18:32:00Z,20700680.159,20700686.768,64.122
RX-3,SV-P,2026-05-14T18:33:00Z,20707686.252,20707693.245,63.939
RX-3,SV-P,2026-05-14T18:34:00Z,20714741.375,20714748.306,63.755
RX-3,SV-P,2026-05-14T18:35:00Z,20721845.540,20721852.325,63.571
RX-3,SV-P,2026-05-14T18:36:00Z,20728998.639,20729005.431,63.388
RX-3,SV-P,2026-05-14T18:37:00Z,20736200.543,20736207.543,63.204
RX-3,SV-P,2026-05-14T18:38:00Z,20743451.661,20743458.417,63.020
RX-3,SV-P,2026-05-14T18:39:00Z,20750751.439,20750758.207,62.836
RX-3,SV-P,2026-05-14T18:40:00Z,20758100.364,20758107.335,62.653
RX-3,SV-P,2026-05-14T18:41:00Z,20765497.883,20765504.868,62.469
RX-3,SV-P,2026-05-14T18:42:00Z,20772944.750,20772951.336,62.285
RX-3,SV-P,2026-05-14T18:43:00Z,20780440.168,20780446.878,62.102
RX-3,SV-P,2026-05-14T18:44:00Z,20787984.449,20787991.414,61.918
RX-3,SV-P,2026-05-14T18:45:00Z,20795577.365,20795584.411,61.734
RX-3,SV-P,2026-05-14T18:46:00Z,20803219.196,20803226.136,61.550
RX-3,SV-P,2026-05-14T18:47:00Z,20810909.775,20810916.837,61.367
RX-3,SV-P,2026-05-14T18:48:00Z,20818649.322,20818656.400,61.183
RX-3,SV-P,2026-05-14T18:49:00Z,20826437.700,20826444.627,60.999
RX-3,SV-P,2026-05-14T18:50:00Z,20834274.514,20834281.479,60.816
RX-3,SV-P,2026-05-14T18:51:00Z,20842160.388,20842167.366,60.632
RX-3,SV-P,2026-05-14T18:52:00Z,20850094.763,20850101.569,60.448
RX-3,SV-P,2026-05-14T18:53:00Z,20858077.844,20858084.761,60.264
RX-3,SV-P,2026-05-14T18:54:00Z,20866109.590,20866116.729,60.081
RX-3,SV-P,2026-05-14T18:55:00Z,20874189.978,20874196.955,59.897
RX-3,SV-P,2026-05-14T18:56:00Z,20882318.981,20882325.910,59.713
RX-3,SV-P,2026-05-14T18:57:00Z,20890496.804,20890503.661,59.530
RX-3,SV-P,2026-05-14T18:58:00Z,20898722.906,20898730.048,59.346
RX-3,SV-P,2026-05-14T18:59:00Z,20906997.637,20907004.979,59.162
RX-3,SV-P,2026-05-14T19:00:00Z,20915321.076,20915328.257,58.979
RX-3,SV-P,2026-05-14T19:01:00Z,20923692.904,20923699.689,58.795
RX-3,SV-P,2026-05-14T19:02:00Z,20932113.522,20932120.451,58.611
RX-3,SV-P,2026-05-14T19:03:00Z,20940582.174,20940589.349,58.427
RX-3,SV-P,2026-05-14T19:04:00Z,20949099.677,20949106.724,58.244
RX-3,SV-P,2026-05-14T19:05:00Z,20957665.355,20957672.414,58.060
RX-3,SV-P,2026-05-14T19:06:00Z,20966279.621,20966286.826,57.876
RX-3,SV-P,2026-05-14T19:07:00Z,20974942.350,20974949.377,57.693
RX-3,SV-P,2026-05-14T19:08:00Z,20983653.398,20983660.323,57.509
RX-3,SV-P,2026-05-14T19:09:00Z,20992412.553,20992420.061,57.325
RX-3,SV-P,2026-05-14T19:10:00Z,21001220.442,21001227.463,57.141
RX-3,SV-P,2026-05-14T19:11:00Z,21010076.499,21010083.445,56.958
RX-3,SV-P,2026-05-14T19:12:00Z,21018980.598,21018987.848,56.774
RX-3,SV-P,2026-05-14T19:13:00Z,21027933.242,21027940.411,56.590
RX-3,SV-P,2026-05-14T19:14:00Z,21036934.241,21036941.401,56.407
RX-3,SV-P,2026-05-14T19:15:00Z,21045983.098,21045990.108,56.223
RX-3,SV-P,2026-05-14T19:16:00Z,21055080.349,21055087.457,56.039
RX-3,SV-P,2026-05-14T19:17:00Z,21064225.627,21064233.041,55.855
RX-3,SV-P,2026-05-14T19:18:00Z,21073419.160,21073426.492,55.672
RX-3,SV-P,2026-05-14T19:19:00Z,21082660.965,21082668.108,55.488
RX-3,SV-P,2026-05-14T19:20:00Z,21091950.934,21091957.965,55.304
RX-3,SV-P,2026-05-14T19:21:00Z,21101288.462,21101295.838,55.121
RX-3,SV-P,2026-05-14T19:22:00Z,21110674.488,21110681.544,54.937
RX-3,SV-P,2026-05-14T19:23:00Z,21120108.259,21120115.487,54.753
RX-3,SV-P,2026-05-14T19:24:00Z,21129589.981,21129597.234,54.570
RX-3,SV-P,2026-05-14T19:25:00Z,21139120.106,21139127.454,54.386
RX-3,SV-P,2026-05-14T19:26:00Z,21148697.592,21148705.030,54.202
RX-3,SV-P,2026-05-14T19:27:00Z,21158323.432,21158330.930,54.018
RX-3,SV-P,2026-05-14T19:28:00Z,21167996.802,21168004.101,53.835
RX-3,SV-P,2026-05-14T19:29:00Z,21177718.135,21177725.613,53.651
RX-3,SV-P,2026-05-14T19:30:00Z,21187487.505,21187494.768,53.467
RX-3,SV-T,2026-05-14T17:30:00Z,21720912.813,21720918.809,44.514
RX-3,SV-T,2026-05-14T17:31:00Z,21708212.649,21708218.873,44.707
RX-3,SV-T,2026-05-14T17:32:00Z,21695563.719,21695569.836,44.901
RX-3,SV-T,2026-05-14T17:33:00Z,21682966.029,21682971.648,45.094
RX-3,SV-T,2026-05-14T17:34:00Z,21670419.213,21670425.191,45.288
RX-3,SV-T,2026-05-14T17:35:00Z,21657923.380,21657929.546,45.481
RX-3,SV-T,2026-05-14T17:36:00Z,21645479.614,21645485.387,45.675
RX-3,SV-T,2026-05-14T17:37:00Z,21633086.398,21633092.474,45.868
RX-3,SV-T,2026-05-14T17:38:00Z,21620744.768,21620750.474,46.062
RX-3,SV-T,2026-05-14T17:39:00Z,21608454.557,21608460.429,46.255
RX-3,SV-T,2026-05-14T17:40:00Z,21596215.683,21596221.597,46.449
RX-3,SV-T,2026-05-14T17:41:00Z,21584028.240,21584034.672,46.642
RX-3,SV-T,2026-05-14T17:42:00Z,21571892.891,21571898.961,46.836
RX-3,SV-T,2026-05-14T17:43:00Z,21559808.744,21559814.891,47.029
RX-3,SV-T,2026-05-14T17:44:00Z,21547776.382,21547782.252,47.223
RX-3,SV-T,2026-05-14T17:45:00Z,21535795.600,21535801.517,47.416
RX-3,SV-T,2026-05-14T17:46:00Z,21523866.709,21523872.545,47.610
RX-3,SV-T,2026-05-14T17:47:00Z,21511989.343,21511995.545,47.803
RX-3,SV-T,2026-05-14T17:48:00Z,21500164.183,21500170.348,47.997
RX-3,SV-T,2026-05-14T17:49:00Z,21488390.805,21488396.914,48.190
RX-3,SV-T,2026-05-14T17:50:00Z,21476669.691,21476675.521,48.384
RX-3,SV-T,2026-05-14T17:51:00Z,21465000.108,21465006.021,48.577
RX-3,SV-T,2026-05-14T17:52:00Z,21453382.885,21453388.665,48.771
RX-3,SV-T,2026-05-14T17:53:00Z,21441817.177,21441823.388,48.964
RX-3,SV-T,2026-05-14T17:54:00Z,21430304.315,21430310.021,49.158
RX-3,SV-T,2026-05-14T17:55:00Z,21418843.261,21418848.935,49.351
RX-3,SV-T,2026-05-14T17:56:00Z,21407434.379,21407440.305,49.545
RX-3,SV-T,2026-05-14T17:57:00Z,21396077.908,21396083.672,49.738
RX-3,SV-T,2026-05-14T17:58:00Z,21384773.646,21384779.280,49.932
RX-3,SV-T,2026-05-14T17:59:00Z,21373521.451,21373527.345,50.125
RX-3,SV-T,2026-05-14T18:00:00Z,21362322.280,21362328.005,50.319
RX-3,SV-T,2026-05-14T18:01:00Z,21351175.158,21351180.813,50.512
RX-3,SV-T,2026-05-14T18:02:00Z,21340080.364,21340086.123,50.706
RX-3,SV-T,2026-05-14T18:03:00Z,21329038.094,21329043.841,50.899
RX-3,SV-T,2026-05-14T18:04:00Z,21318048.787,21318054.320,51.093
RX-3,SV-T,2026-05-14T18:05:00Z,21307111.541,21307117.266,51.286
RX-3,SV-T,2026-05-14T18:06:00Z,21296227.274,21296232.856,51.480
RX-3,SV-T,2026-05-14T18:07:00Z,21285395.613,21285401.319,51.673
RX-3,SV-T,2026-05-14T18:08:00Z,21274616.458,21274622.090,51.867
RX-3,SV-T,2026-05-14T18:09:00Z,21263889.782,21263895.771,52.060
RX-3,SV-T,2026-05-14T18:10:00Z,21253216.641,21253222.221,52.254
RX-3,SV-T,2026-05-14T18:11:00Z,21242595.756,21242601.663,52.447
RX-3,SV-T,2026-05-14T18:12:00Z,21232027.759,21232033.540,52.641
RX-3,SV-T,2026-05-14T18:13:00Z,21221512.933,21221518.249,52.834
RX-3,SV-T,2026-05-14T18:14:00Z,21211050.696,21211056.415,53.028
RX-3,SV-T,2026-05-14T18:15:00Z,21200641.322,21200646.942,53.221
RX-3,SV-T,2026-05-14T18:16:00Z,21190285.176,21190290.784,53.415
RX-3,SV-T,2026-05-14T18:17:00Z,21179982.180,21179987.461,53.608
RX-3,SV-T,2026-05-14T18:18:00Z,21169731.672,21169737.647,53.802
RX-3,SV-T,2026-05-14T18:19:00Z,21159534.922,21159540.429,53.995
RX-3,SV-T,2026-05-14T18:20:00Z,21149391.164,21149396.654,54.189
RX-3,SV-T,2026-05-14T18:21:00Z,21139300.020,21139305.716,54.382
RX-3,SV-T,2026-05-14T18:22:00Z,21129262.714,21129268.330,54.576
RX-3,SV-T,2026-05-14T18:23:00Z,21119278.141,21119283.920,54.769
RX-3,SV-T,2026-05-14T18:24:00Z,21109347.309,21109352.740,54.963
RX-3,SV-T,2026-05-14T18:25:00Z,21099469.398,21099474.808,55.156
RX-3,SV-T,2026-05-14T18:26:00Z,21089644.855,21089650.539,55.350
RX-3,SV-T,2026-05-14T18:27:00Z,21079873.421,21079878.973,55.543
RX-3,SV-T,2026-05-14T18:28:00Z,21070155.952,21070161.260,55.737
RX-3,SV-T,2026-05-14T18:29:00Z,21060491.321,21060496.795,55.930
RX-3,SV-T,2026-05-14T18:30:00Z,21050880.191,21050885.619,56.124
RX-3,SV-T,2026-05-14T18:31:00Z,21041322.463,21041328.044,56.317
RX-3,SV-T,2026-05-14T18:32:00Z,21031818.617,21031824.136,56.511
RX-3,SV-T,2026-05-14T18:33:00Z,21022368.156,21022373.272,56.704
RX-3,SV-T,2026-05-14T18:34:00Z,21012971.099,21012976.549,56.898
RX-3,SV-T,2026-05-14T18:35:00Z,21003627.649,21003633.205,57.091
RX-3,SV-T,2026-05-14T18:36:00Z,20994337.663,20994342.879,57.285
RX-3,SV-T,2026-05-14T18:37:00Z,20985101.456,20985106.933,57.478
RX-3,SV-T,2026-05-14T18:38:00Z,20975918.980,20975924.263,57.672
RX-3,SV-T,2026-05-14T18:39:00Z,20966790.144,20966795.260,57.865
RX-3,SV-T,2026-05-14T18:40:00Z,20957714.821,20957720.276,58.059
RX-3,SV-T,2026-05-14T18:41:00Z,20948693.431,20948698.606,58.252
RX-3,SV-T,2026-05-14T18:42:00Z,20939725.444,20939730.801,58.446
RX-3,SV-T,2026-05-14T18:43:00Z,20930811.599,20930816.839,58.639
RX-3,SV-T,2026-05-14T18:44:00Z,20921951.327,20921956.480,58.833
RX-3,SV-T,2026-05-14T18:45:00Z,20913145.017,20913150.439,59.026
RX-3,SV-T,2026-05-14T18:46:00Z,20904392.685,20904397.925,59.220
RX-3,SV-T,2026-05-14T18:47:00Z,20895694.207,20895699.163,59.413
RX-3,SV-T,2026-05-14T18:48:00Z,20887049.358,20887054.667,59.607
RX-3,SV-T,2026-05-14T18:49:00Z,20878458.270,20878463.926,59.800
RX-3,SV-T,2026-05-14T18:50:00Z,20869921.590,20869926.748,59.994
RX-3,SV-T,2026-05-14T18:51:00Z,20861438.581,20861443.928,60.187
RX-3,SV-T,2026-05-14T18:52:00Z,20853009.639,20853015.093,60.381
RX-3,SV-T,2026-05-14T18:53:00Z,20844634.772,20844640.269,60.574
RX-3,SV-T,2026-05-14T18:54:00Z,20836313.974,20836319.241,60.768
RX-3,SV-T,2026-05-14T18:55:00Z,20828046.908,20828052.419,60.961
RX-3,SV-T,2026-05-14T18:56:00Z,20819834.491,20819839.778,61.155
RX-3,SV-T,2026-05-14T18:57:00Z,20811675.644,20811681.216,61.348
RX-3,SV-T,2026-05-14T18:58:00Z,20803571.365,20803576.648,61.542
RX-3,SV-T,2026-05-14T18:59:00Z,20795520.697,20795526.076,61.735
RX-3,SV-T,2026-05-14T19:00:00Z,20787524.593,20787530.027,61.929
RX-3,SV-T,2026-05-14T19:01:00Z,20779582.885,20779587.824,62.122
RX-3,SV-T,2026-05-14T19:02:00Z,20771694.686,20771699.763,62.316
RX-3,SV-T,2026-05-14T19:03:00Z,20763860.941,20763866.201,62.509
RX-3,SV-T,2026-05-14T19:04:00Z,20756081.706,20756087.053,62.703
RX-3,SV-T,2026-05-14T19:05:00Z,20748356.483,20748361.684,62.896
RX-3,SV-T,2026-05-14T19:06:00Z,20740685.208,20740690.935,63.090
RX-3,SV-T,2026-05-14T19:07:00Z,20733068.784,20733074.241,63.283
RX-3,SV-T,2026-05-14T19:08:00Z,20725506.501,20725511.923,63.477
RX-3,SV-T,2026-05-14T19:09:00Z,20717998.531,20718003.553,63.670
RX-3,SV-T,2026-05-14T19:10:00Z,20710544.901,20710549.971,63.864
RX-3,SV-T,2026-05-14T19:11:00Z,20703145.788,20703150.907,64.058
RX-3,SV-T,2026-05-14T19:12:00Z,20695800.770,20695805.976,64.251
RX-3,SV-T,2026-05-14T19:13:00Z,20688510.052,20688515.308,64.445
RX-3,SV-T,2026-05-14T19:14:00Z,20681273.864,20681279.251,64.638
RX-3,SV-T,2026-05-14T19:15:00Z,20674092.182,20674097.513,64.832
RX-3,SV-T,2026-05-14T19:16:00Z,20666964.810,20666970.153,65.025
RX-3,SV-T,2026-05-14T19:17:00Z,20659892.083,20659897.494,65.219
RX-3,SV-T,2026-05-14T19:18:00Z,20652874.064,20652879.029,65.412
RX-3,SV-T,2026-05-14T19:19:00Z,20645910.024,20645915.105,65.606
RX-3,SV-T,2026-05-14T19:20:00Z,20639000.593,20639005.821,65.799
RX-3,SV-T,2026-05-14T19:21:00Z,20632145.644,20632150.794,65.993
RX-3,SV-T,2026-05-14T19:22:00Z,20625345.093,20625350.686,66.186
RX-3,SV-T,2026-05-14T19:23:00Z,20618599.874,20618604.885,66.380
RX-3,SV-T,2026-05-14T19:24:00Z,20611908.257,20611913.550,66.573
RX-3,SV-T,2026-05-14T19:25:00Z,20605271.792,20605277.100,66.767
RX-3,SV-T,2026-05-14T19:26:00Z,20598689.862,20598694.954,66.960
RX-3,SV-T,2026-05-14T19:27:00Z,20592162.359,20592167.411,67.154
RX-3,SV-T,2026-05-14T19:28:00Z,20585689.481,20585694.487,67.347
RX-3,SV-T,2026-05-14T19:29:00Z,20579271.675,20579276.599,67.541
RX-3,SV-T,2026-05-14T19:30:00Z,20572907.642,20572913.050,67.734
